BEGIN;
INSERT INTO "team" ("id","noun") VALUES
(1,'Equipe A'),
(2,'Equipe B'),
(3,'Equipe C'),
(4,'Equipe D'),
(5,'Equipe E');

INSERT INTO "status" ("id","label") VALUES
(1,'CP Validé'),
(2,'CP pris en compte'),
(3,'CP refusé'),
(4,'Formation'),
(5,'Récup'),
(6,'Maladie'),
(7,'Visite médicale'),
(8,'Délégation'),
(9,'Remplacement'),
(10,'APLD');

INSERT INTO "employee" ("id","reg_number","password","role","name","lastname","function","team_id") VALUES
(1,'U000001','ADMIN','admin','','','',null),
(2,'U000002','USER','user','','','',null),
(3,'U002363','U002390','admin','Hicham','CHRITA','Responsable de production',null),
(4,'U002364','U002364','user','Esteban','ROBERT','Responsable Equipe',1),
(5,'U002365','U002365','user','David','RICHARD','Conducteur Production',1),
(6,'U002366','U002366','user','Etienne','DURAND','Conducteur Installation - Fabrication',1),
(7,'U002367','U002367','user','Damien','DUBOIS','Conducteur Installation - Dépilage',1),
(8,'U002368','U002368','user','Erwan','MOREAU','Conducteur Installation - Cariste',1),
(9,'U002369','U002369','user','Lukas','LAURENT','Responsable Equipe',2),
(10,'U002370','U002370','user','Loic','SIMON','Conducteur Production',2),
(11,'U002371','U002371','user','Lorenzo','MICHEL','Conducteur Installation - Fabrication',2),
(12,'U002372','U002372','user','Mathias','LEFEBVRE','Conducteur Installation - Dépilage',2),
(13,'U002373','U002373','user','Matthieu','LEROY','Conducteur Installation - Cariste',2),
(14,'U002374','U002374','user','Gaetan','ROUX','Conducteur Production',3),
(15,'U002375','U002375','user','Gaspard','MOREL','Conducteur Installation - Fabrication',3),
(16,'U002376','U002376','user','Morgan','FOURNIER','Conducteur Installation - Dépilage',3),
(17,'U002377','U002377','user','Rafael','GIRARD','Conducteur Installation - Cariste',3),
(18,'U002378','U002378','user','Kilian','BONNET','Responsable Equipe',4),
(19,'U002379','U002379','user','Samuel','DUPONT','Conducteur Production',4),
(20,'U002380','U002380','user','Simon','LAMBERT','Conducteur Installation - Fabrication',4),
(21,'U002381','U002381','user','Kevin','FONTAINE','Conducteur Installation - Dépilage',4),
(22,'U002382','U002382','user','Sacha','ROUSSEAU','Conducteur Installation - Dépilage',4),
(23,'U002383','U002383','user','Tristan','MULLER','Conducteur Installation - Cariste',4),
(24,'U002384','U002384','user','Victor','LEFEVRE','Responsable Equipe',5),
(25,'U002385','U002385','user','Jordan','FAURE','Conducteur Production',5),
(26,'U002386','U002386','user','Killian','MERCIER','Conducteur Installation - Fabrication',5),
(27,'U002387','U002387','user','Matteo','BLANC','Conducteur Installation - Dépilage',5),
(28,'U002388','U002388','user','Mael','GUERIN','Conducteur Installation - Dépilage',5),
(29,'U002389','U002389','user','Maxime','MASSON','Conducteur Installation - Cariste',5);

INSERT INTO "shift" ("id","date","label","team_id") VALUES
(1,'2022-01-01','M',1),
(2,'2022-01-02','AM',1),
(3,'2022-01-03','AM',1),
(4,'2022-01-04','N',1),
(5,'2022-01-05','N',1),
(6,'2022-01-06','',1),
(7,'2022-01-07','',1),
(8,'2022-01-08','',1),
(9,'2022-01-09','M',1),
(10,'2022-01-10','M',1),
(11,'2022-01-11','AM',1),
(12,'2022-01-12','AM',1),
(13,'2022-01-13','N',1),
(14,'2022-01-14','N',1),
(15,'2022-01-15','',1),
(16,'2022-01-16','',1),
(17,'2022-01-17','',1),
(18,'2022-01-18','M',1),
(19,'2022-01-19','M',1),
(20,'2022-01-20','AM',1),
(21,'2022-01-21','AM',1),
(22,'2022-01-22','N',1),
(23,'2022-01-23','',1),
(24,'2022-01-24','',1),
(25,'2022-01-25','',1),
(26,'2022-01-26','',1),
(27,'2022-01-27','M',1),
(28,'2022-01-28','M',1),
(29,'2022-01-29','AM',1),
(30,'2022-01-30','N',1),
(31,'2022-01-31','N',1),
(32,'2022-02-01','',1),
(33,'2022-02-02','',1),
(34,'2022-02-03','',1),
(35,'2022-02-04','',1),
(36,'2022-02-05','M',1),
(37,'2022-02-06','AM',1),
(38,'2022-02-07','AM',1),
(39,'2022-02-08','N',1),
(40,'2022-02-09','N',1),
(41,'2022-02-10','',1),
(42,'2022-02-11','',1),
(43,'2022-02-12','',1),
(44,'2022-02-13','M',1),
(45,'2022-02-14','M',1),
(46,'2022-02-15','AM',1),
(47,'2022-02-16','AM',1),
(48,'2022-02-17','N',1),
(49,'2022-02-18','N',1),
(50,'2022-02-19','',1),
(51,'2022-02-20','',1),
(52,'2022-02-21','',1),
(53,'2022-02-22','M',1),
(54,'2022-02-23','M',1),
(55,'2022-02-24','AM',1),
(56,'2022-02-25','AM',1),
(57,'2022-02-26','N',1),
(58,'2022-02-27','',1),
(59,'2022-02-28','',1),
(60,'2022-03-01','',1),
(61,'2022-03-02','',1),
(62,'2022-03-03','M',1),
(63,'2022-03-04','M',1),
(64,'2022-03-05','AM',1),
(65,'2022-03-06','N',1),
(66,'2022-03-07','N',1),
(67,'2022-03-08','',1),
(68,'2022-03-09','',1),
(69,'2022-03-10','',1),
(70,'2022-03-11','',1),
(71,'2022-03-12','M',1),
(72,'2022-03-13','AM',1),
(73,'2022-03-14','AM',1),
(74,'2022-03-15','N',1),
(75,'2022-03-16','N',1),
(76,'2022-03-17','',1),
(77,'2022-03-18','',1),
(78,'2022-03-19','',1),
(79,'2022-03-20','M',1),
(80,'2022-03-21','M',1),
(81,'2022-03-22','AM',1),
(82,'2022-03-23','AM',1),
(83,'2022-03-24','N',1),
(84,'2022-03-25','N',1),
(85,'2022-03-26','',1),
(86,'2022-03-27','',1),
(87,'2022-03-28','',1),
(88,'2022-03-29','M',1),
(89,'2022-03-30','M',1),
(90,'2022-03-31','AM',1),
(91,'2022-04-01','AM',1),
(92,'2022-04-02','N',1),
(93,'2022-04-03','',1),
(94,'2022-04-04','',1),
(95,'2022-04-05','',1),
(96,'2022-04-06','',1),
(97,'2022-04-07','M',1),
(98,'2022-04-08','M',1),
(99,'2022-04-09','AM',1),
(100,'2022-04-10','N',1),
(101,'2022-04-11','N',1),
(102,'2022-04-12','',1),
(103,'2022-04-13','',1),
(104,'2022-04-14','',1),
(105,'2022-04-15','',1),
(106,'2022-04-16','M',1),
(107,'2022-04-17','AM',1),
(108,'2022-04-18','AM',1),
(109,'2022-04-19','N',1),
(110,'2022-04-20','N',1),
(111,'2022-04-21','',1),
(112,'2022-04-22','',1),
(113,'2022-04-23','',1),
(114,'2022-04-24','M',1),
(115,'2022-04-25','M',1),
(116,'2022-04-26','AM',1),
(117,'2022-04-27','AM',1),
(118,'2022-04-28','N',1),
(119,'2022-04-29','N',1),
(120,'2022-04-30','',1),
(121,'2022-05-01','',1),
(122,'2022-05-02','',1),
(123,'2022-05-03','M',1),
(124,'2022-05-04','M',1),
(125,'2022-05-05','AM',1),
(126,'2022-05-06','AM',1),
(127,'2022-05-07','N',1),
(128,'2022-05-08','',1),
(129,'2022-05-09','',1),
(130,'2022-05-10','',1),
(131,'2022-05-11','',1),
(132,'2022-05-12','M',1),
(133,'2022-05-13','M',1),
(134,'2022-05-14','AM',1),
(135,'2022-05-15','N',1),
(136,'2022-05-16','N',1),
(137,'2022-05-17','',1),
(138,'2022-05-18','',1),
(139,'2022-05-19','',1),
(140,'2022-05-20','',1),
(141,'2022-05-21','M',1),
(142,'2022-05-22','AM',1),
(143,'2022-05-23','AM',1),
(144,'2022-05-24','N',1),
(145,'2022-05-25','N',1),
(146,'2022-05-26','',1),
(147,'2022-05-27','',1),
(148,'2022-05-28','',1),
(149,'2022-05-29','M',1),
(150,'2022-05-30','M',1),
(151,'2022-05-31','AM',1),
(152,'2022-06-01','AM',1),
(153,'2022-06-02','N',1),
(154,'2022-06-03','N',1),
(155,'2022-06-04','',1),
(156,'2022-06-05','',1),
(157,'2022-06-06','',1),
(158,'2022-06-07','M',1),
(159,'2022-06-08','M',1),
(160,'2022-06-09','AM',1),
(161,'2022-06-10','AM',1),
(162,'2022-06-11','N',1),
(163,'2022-06-12','',1),
(164,'2022-06-13','',1),
(165,'2022-06-14','',1),
(166,'2022-06-15','',1),
(167,'2022-06-16','M',1),
(168,'2022-06-17','M',1),
(169,'2022-06-18','AM',1),
(170,'2022-06-19','N',1),
(171,'2022-06-20','N',1),
(172,'2022-06-21','',1),
(173,'2022-06-22','',1),
(174,'2022-06-23','',1),
(175,'2022-06-24','',1),
(176,'2022-06-25','M',1),
(177,'2022-06-26','AM',1),
(178,'2022-06-27','AM',1),
(179,'2022-06-28','N',1),
(180,'2022-06-29','N',1),
(181,'2022-06-30','',1),
(182,'2022-07-01','',1),
(183,'2022-07-02','',1),
(184,'2022-07-03','M',1),
(185,'2022-07-04','M',1),
(186,'2022-07-05','AM',1),
(187,'2022-07-06','AM',1),
(188,'2022-07-07','N',1),
(189,'2022-07-08','N',1),
(190,'2022-07-09','',1),
(191,'2022-07-10','',1),
(192,'2022-07-11','',1),
(193,'2022-07-12','M',1),
(194,'2022-07-13','M',1),
(195,'2022-07-14','AM',1),
(196,'2022-07-15','AM',1),
(197,'2022-07-16','N',1),
(198,'2022-07-17','',1),
(199,'2022-07-18','',1),
(200,'2022-07-19','',1),
(201,'2022-07-20','',1),
(202,'2022-07-21','M',1),
(203,'2022-07-22','M',1),
(204,'2022-07-23','AM',1),
(205,'2022-07-24','N',1),
(206,'2022-07-25','N',1),
(207,'2022-07-26','',1),
(208,'2022-07-27','',1),
(209,'2022-07-28','',1),
(210,'2022-07-29','',1),
(211,'2022-07-30','M',1),
(212,'2022-07-31','AM',1),
(213,'2022-08-01','AM',1),
(214,'2022-08-02','N',1),
(215,'2022-08-03','N',1),
(216,'2022-08-04','',1),
(217,'2022-08-05','',1),
(218,'2022-08-06','',1),
(219,'2022-08-07','M',1),
(220,'2022-08-08','M',1),
(221,'2022-08-09','AM',1),
(222,'2022-08-10','AM',1),
(223,'2022-08-11','N',1),
(224,'2022-08-12','N',1),
(225,'2022-08-13','',1),
(226,'2022-08-14','',1),
(227,'2022-08-15','',1),
(228,'2022-08-16','M',1),
(229,'2022-08-17','M',1),
(230,'2022-08-18','AM',1),
(231,'2022-08-19','AM',1),
(232,'2022-08-20','N',1),
(233,'2022-08-21','',1),
(234,'2022-08-22','',1),
(235,'2022-08-23','',1),
(236,'2022-08-24','',1),
(237,'2022-08-25','M',1),
(238,'2022-08-26','M',1),
(239,'2022-08-27','AM',1),
(240,'2022-08-28','N',1),
(241,'2022-08-29','N',1),
(242,'2022-08-30','',1),
(243,'2022-08-31','',1),
(244,'2022-09-01','',1),
(245,'2022-09-02','',1),
(246,'2022-09-03','M',1),
(247,'2022-09-04','AM',1),
(248,'2022-09-05','AM',1),
(249,'2022-09-06','N',1),
(250,'2022-09-07','N',1),
(251,'2022-09-08','',1),
(252,'2022-09-09','',1),
(253,'2022-09-10','',1),
(254,'2022-09-11','M',1),
(255,'2022-09-12','M',1),
(256,'2022-09-13','AM',1),
(257,'2022-09-14','AM',1),
(258,'2022-09-15','N',1),
(259,'2022-09-16','N',1),
(260,'2022-09-17','',1),
(261,'2022-09-18','',1),
(262,'2022-09-19','',1),
(263,'2022-09-20','M',1),
(264,'2022-09-21','M',1),
(265,'2022-09-22','AM',1),
(266,'2022-09-23','AM',1),
(267,'2022-09-24','N',1),
(268,'2022-09-25','',1),
(269,'2022-09-26','',1),
(270,'2022-09-27','',1),
(271,'2022-09-28','',1),
(272,'2022-09-29','M',1),
(273,'2022-09-30','M',1),
(274,'2022-10-01','AM',1),
(275,'2022-10-02','N',1),
(276,'2022-10-03','N',1),
(277,'2022-10-04','',1),
(278,'2022-10-05','',1),
(279,'2022-10-06','',1),
(280,'2022-10-07','',1),
(281,'2022-10-08','M',1),
(282,'2022-10-09','AM',1),
(283,'2022-10-10','AM',1),
(284,'2022-10-11','N',1),
(285,'2022-10-12','N',1),
(286,'2022-10-13','',1),
(287,'2022-10-14','',1),
(288,'2022-10-15','',1),
(289,'2022-10-16','M',1),
(290,'2022-10-17','M',1),
(291,'2022-10-18','AM',1),
(292,'2022-10-19','AM',1),
(293,'2022-10-20','N',1),
(294,'2022-10-21','N',1),
(295,'2022-10-22','',1),
(296,'2022-10-23','',1),
(297,'2022-10-24','',1),
(298,'2022-10-25','M',1),
(299,'2022-10-26','M',1),
(300,'2022-10-27','AM',1),
(301,'2022-10-28','AM',1),
(302,'2022-10-29','N',1),
(303,'2022-10-30','',1),
(304,'2022-10-31','',1),
(305,'2022-11-01','',1),
(306,'2022-11-02','',1),
(307,'2022-11-03','M',1),
(308,'2022-11-04','M',1),
(309,'2022-11-05','AM',1),
(310,'2022-11-06','N',1),
(311,'2022-11-07','N',1),
(312,'2022-11-08','',1),
(313,'2022-11-09','',1),
(314,'2022-11-10','',1),
(315,'2022-11-11','',1),
(316,'2022-11-12','M',1),
(317,'2022-11-13','AM',1),
(318,'2022-11-14','AM',1),
(319,'2022-11-15','N',1),
(320,'2022-11-16','N',1),
(321,'2022-11-17','',1),
(322,'2022-11-18','',1),
(323,'2022-11-19','',1),
(324,'2022-11-20','M',1),
(325,'2022-11-21','M',1),
(326,'2022-11-22','AM',1),
(327,'2022-11-23','AM',1),
(328,'2022-11-24','N',1),
(329,'2022-11-25','N',1),
(330,'2022-11-26','',1),
(331,'2022-11-27','',1),
(332,'2022-11-28','',1),
(333,'2022-11-29','M',1),
(334,'2022-11-30','M',1),
(335,'2022-12-01','AM',1),
(336,'2022-12-02','AM',1),
(337,'2022-12-03','N',1),
(338,'2022-12-04','',1),
(339,'2022-12-05','',1),
(340,'2022-12-06','',1),
(341,'2022-12-07','',1),
(342,'2022-12-08','M',1),
(343,'2022-12-09','M',1),
(344,'2022-12-10','AM',1),
(345,'2022-12-11','N',1),
(346,'2022-12-12','N',1),
(347,'2022-12-13','',1),
(348,'2022-12-14','',1),
(349,'2022-12-15','',1),
(350,'2022-12-16','',1),
(351,'2022-12-17','M',1),
(352,'2022-12-18','AM',1),
(353,'2022-12-19','AM',1),
(354,'2022-12-20','N',1),
(355,'2022-12-21','N',1),
(356,'2022-12-22','',1),
(357,'2022-12-23','',1),
(358,'2022-12-24','',1),
(359,'2022-12-25','M',1),
(360,'2022-12-26','M',1),
(361,'2022-12-27','AM',1),
(362,'2022-12-28','AM',1),
(363,'2022-12-29','N',1),
(364,'2022-12-30','N',1),
(365,'2022-12-31','',1),
(366,'2022-01-01','AM',2),
(367,'2022-01-02','N',2),
(368,'2022-01-03','N',2),
(369,'2022-01-04','',2),
(370,'2022-01-05','',2),
(371,'2022-01-06','',2),
(372,'2022-01-07','',2),
(373,'2022-01-08','M',2),
(374,'2022-01-09','AM',2),
(375,'2022-01-10','AM',2),
(376,'2022-01-11','N',2),
(377,'2022-01-12','N',2),
(378,'2022-01-13','',2),
(379,'2022-01-14','',2),
(380,'2022-01-15','',2),
(381,'2022-01-16','M',2),
(382,'2022-01-17','M',2),
(383,'2022-01-18','AM',2),
(384,'2022-01-19','AM',2),
(385,'2022-01-20','N',2),
(386,'2022-01-21','N',2),
(387,'2022-01-22','',2),
(388,'2022-01-23','',2),
(389,'2022-01-24','',2),
(390,'2022-01-25','M',2),
(391,'2022-01-26','M',2),
(392,'2022-01-27','AM',2),
(393,'2022-01-28','AM',2),
(394,'2022-01-29','N',2),
(395,'2022-01-30','',2),
(396,'2022-01-31','',2),
(397,'2022-02-01','',2),
(398,'2022-02-02','',2),
(399,'2022-02-03','M',2),
(400,'2022-02-04','M',2),
(401,'2022-02-05','AM',2),
(402,'2022-02-06','N',2),
(403,'2022-02-07','N',2),
(404,'2022-02-08','',2),
(405,'2022-02-09','',2),
(406,'2022-02-10','',2),
(407,'2022-02-11','',2),
(408,'2022-02-12','M',2),
(409,'2022-02-13','AM',2),
(410,'2022-02-14','AM',2),
(411,'2022-02-15','N',2),
(412,'2022-02-16','N',2),
(413,'2022-02-17','',2),
(414,'2022-02-18','',2),
(415,'2022-02-19','',2),
(416,'2022-02-20','M',2),
(417,'2022-02-21','M',2),
(418,'2022-02-22','AM',2),
(419,'2022-02-23','AM',2),
(420,'2022-02-24','N',2),
(421,'2022-02-25','N',2),
(422,'2022-02-26','',2),
(423,'2022-02-27','',2),
(424,'2022-02-28','',2),
(425,'2022-03-01','M',2),
(426,'2022-03-02','M',2),
(427,'2022-03-03','AM',2),
(428,'2022-03-04','AM',2),
(429,'2022-03-05','N',2),
(430,'2022-03-06','',2),
(431,'2022-03-07','',2),
(432,'2022-03-08','',2),
(433,'2022-03-09','',2),
(434,'2022-03-10','M',2),
(435,'2022-03-11','M',2),
(436,'2022-03-12','AM',2),
(437,'2022-03-13','N',2),
(438,'2022-03-14','N',2),
(439,'2022-03-15','',2),
(440,'2022-03-16','',2),
(441,'2022-03-17','',2),
(442,'2022-03-18','',2),
(443,'2022-03-19','M',2),
(444,'2022-03-20','AM',2),
(445,'2022-03-21','AM',2),
(446,'2022-03-22','N',2),
(447,'2022-03-23','N',2),
(448,'2022-03-24','',2),
(449,'2022-03-25','',2),
(450,'2022-03-26','',2),
(451,'2022-03-27','M',2),
(452,'2022-03-28','M',2),
(453,'2022-03-29','AM',2),
(454,'2022-03-30','AM',2),
(455,'2022-03-31','N',2),
(456,'2022-04-01','N',2),
(457,'2022-04-02','',2),
(458,'2022-04-03','',2),
(459,'2022-04-04','',2),
(460,'2022-04-05','M',2),
(461,'2022-04-06','M',2),
(462,'2022-04-07','AM',2),
(463,'2022-04-08','AM',2),
(464,'2022-04-09','N',2),
(465,'2022-04-10','',2),
(466,'2022-04-11','',2),
(467,'2022-04-12','',2),
(468,'2022-04-13','',2),
(469,'2022-04-14','M',2),
(470,'2022-04-15','M',2),
(471,'2022-04-16','AM',2),
(472,'2022-04-17','N',2),
(473,'2022-04-18','N',2),
(474,'2022-04-19','',2),
(475,'2022-04-20','',2),
(476,'2022-04-21','',2),
(477,'2022-04-22','',2),
(478,'2022-04-23','M',2),
(479,'2022-04-24','AM',2),
(480,'2022-04-25','AM',2),
(481,'2022-04-26','N',2),
(482,'2022-04-27','N',2),
(483,'2022-04-28','',2),
(484,'2022-04-29','',2),
(485,'2022-04-30','',2),
(486,'2022-05-01','M',2),
(487,'2022-05-02','M',2),
(488,'2022-05-03','AM',2),
(489,'2022-05-04','AM',2),
(490,'2022-05-05','N',2),
(491,'2022-05-06','N',2),
(492,'2022-05-07','',2),
(493,'2022-05-08','',2),
(494,'2022-05-09','',2),
(495,'2022-05-10','M',2),
(496,'2022-05-11','M',2),
(497,'2022-05-12','AM',2),
(498,'2022-05-13','AM',2),
(499,'2022-05-14','N',2),
(500,'2022-05-15','',2),
(501,'2022-05-16','',2),
(502,'2022-05-17','',2),
(503,'2022-05-18','',2),
(504,'2022-05-19','M',2),
(505,'2022-05-20','M',2),
(506,'2022-05-21','AM',2),
(507,'2022-05-22','N',2),
(508,'2022-05-23','N',2),
(509,'2022-05-24','',2),
(510,'2022-05-25','',2),
(511,'2022-05-26','',2),
(512,'2022-05-27','',2),
(513,'2022-05-28','M',2),
(514,'2022-05-29','AM',2),
(515,'2022-05-30','AM',2),
(516,'2022-05-31','N',2),
(517,'2022-06-01','N',2),
(518,'2022-06-02','',2),
(519,'2022-06-03','',2),
(520,'2022-06-04','',2),
(521,'2022-06-05','M',2),
(522,'2022-06-06','M',2),
(523,'2022-06-07','AM',2),
(524,'2022-06-08','AM',2),
(525,'2022-06-09','N',2),
(526,'2022-06-10','N',2),
(527,'2022-06-11','',2),
(528,'2022-06-12','',2),
(529,'2022-06-13','',2),
(530,'2022-06-14','M',2),
(531,'2022-06-15','M',2),
(532,'2022-06-16','AM',2),
(533,'2022-06-17','AM',2),
(534,'2022-06-18','N',2),
(535,'2022-06-19','',2),
(536,'2022-06-20','',2),
(537,'2022-06-21','',2),
(538,'2022-06-22','',2),
(539,'2022-06-23','M',2),
(540,'2022-06-24','M',2),
(541,'2022-06-25','AM',2),
(542,'2022-06-26','N',2),
(543,'2022-06-27','N',2),
(544,'2022-06-28','',2),
(545,'2022-06-29','',2),
(546,'2022-06-30','',2),
(547,'2022-07-01','',2),
(548,'2022-07-02','M',2),
(549,'2022-07-03','AM',2),
(550,'2022-07-04','AM',2),
(551,'2022-07-05','N',2),
(552,'2022-07-06','N',2),
(553,'2022-07-07','',2),
(554,'2022-07-08','',2),
(555,'2022-07-09','',2),
(556,'2022-07-10','M',2),
(557,'2022-07-11','M',2),
(558,'2022-07-12','AM',2),
(559,'2022-07-13','AM',2),
(560,'2022-07-14','N',2),
(561,'2022-07-15','N',2),
(562,'2022-07-16','',2),
(563,'2022-07-17','',2),
(564,'2022-07-18','',2),
(565,'2022-07-19','M',2),
(566,'2022-07-20','M',2),
(567,'2022-07-21','AM',2),
(568,'2022-07-22','AM',2),
(569,'2022-07-23','N',2),
(570,'2022-07-24','',2),
(571,'2022-07-25','',2),
(572,'2022-07-26','',2),
(573,'2022-07-27','',2),
(574,'2022-07-28','M',2),
(575,'2022-07-29','M',2),
(576,'2022-07-30','AM',2),
(577,'2022-07-31','N',2),
(578,'2022-08-01','N',2),
(579,'2022-08-02','',2),
(580,'2022-08-03','',2),
(581,'2022-08-04','',2),
(582,'2022-08-05','',2),
(583,'2022-08-06','M',2),
(584,'2022-08-07','AM',2),
(585,'2022-08-08','AM',2),
(586,'2022-08-09','N',2),
(587,'2022-08-10','N',2),
(588,'2022-08-11','',2),
(589,'2022-08-12','',2),
(590,'2022-08-13','',2),
(591,'2022-08-14','M',2),
(592,'2022-08-15','M',2),
(593,'2022-08-16','AM',2),
(594,'2022-08-17','AM',2),
(595,'2022-08-18','N',2),
(596,'2022-08-19','N',2),
(597,'2022-08-20','',2),
(598,'2022-08-21','',2),
(599,'2022-08-22','',2),
(600,'2022-08-23','M',2),
(601,'2022-08-24','M',2),
(602,'2022-08-25','AM',2),
(603,'2022-08-26','AM',2),
(604,'2022-08-27','N',2),
(605,'2022-08-28','',2),
(606,'2022-08-29','',2),
(607,'2022-08-30','',2),
(608,'2022-08-31','',2),
(609,'2022-09-01','M',2),
(610,'2022-09-02','M',2),
(611,'2022-09-03','AM',2),
(612,'2022-09-04','N',2),
(613,'2022-09-05','N',2),
(614,'2022-09-06','',2),
(615,'2022-09-07','',2),
(616,'2022-09-08','',2),
(617,'2022-09-09','',2),
(618,'2022-09-10','M',2),
(619,'2022-09-11','AM',2),
(620,'2022-09-12','AM',2),
(621,'2022-09-13','N',2),
(622,'2022-09-14','N',2),
(623,'2022-09-15','',2),
(624,'2022-09-16','',2),
(625,'2022-09-17','',2),
(626,'2022-09-18','M',2),
(627,'2022-09-19','M',2),
(628,'2022-09-20','AM',2),
(629,'2022-09-21','AM',2),
(630,'2022-09-22','N',2),
(631,'2022-09-23','N',2),
(632,'2022-09-24','',2),
(633,'2022-09-25','',2),
(634,'2022-09-26','',2),
(635,'2022-09-27','M',2),
(636,'2022-09-28','M',2),
(637,'2022-09-29','AM',2),
(638,'2022-09-30','AM',2),
(639,'2022-10-01','N',2),
(640,'2022-10-02','',2),
(641,'2022-10-03','',2),
(642,'2022-10-04','',2),
(643,'2022-10-05','',2),
(644,'2022-10-06','M',2),
(645,'2022-10-07','M',2),
(646,'2022-10-08','AM',2),
(647,'2022-10-09','N',2),
(648,'2022-10-10','N',2),
(649,'2022-10-11','',2),
(650,'2022-10-12','',2),
(651,'2022-10-13','',2),
(652,'2022-10-14','',2),
(653,'2022-10-15','M',2),
(654,'2022-10-16','AM',2),
(655,'2022-10-17','AM',2),
(656,'2022-10-18','N',2),
(657,'2022-10-19','N',2),
(658,'2022-10-20','',2),
(659,'2022-10-21','',2),
(660,'2022-10-22','',2),
(661,'2022-10-23','M',2),
(662,'2022-10-24','M',2),
(663,'2022-10-25','AM',2),
(664,'2022-10-26','AM',2),
(665,'2022-10-27','N',2),
(666,'2022-10-28','N',2),
(667,'2022-10-29','',2),
(668,'2022-10-30','',2),
(669,'2022-10-31','',2),
(670,'2022-11-01','M',2),
(671,'2022-11-02','M',2),
(672,'2022-11-03','AM',2),
(673,'2022-11-04','AM',2),
(674,'2022-11-05','N',2),
(675,'2022-11-06','',2),
(676,'2022-11-07','',2),
(677,'2022-11-08','',2),
(678,'2022-11-09','',2),
(679,'2022-11-10','M',2),
(680,'2022-11-11','M',2),
(681,'2022-11-12','AM',2),
(682,'2022-11-13','N',2),
(683,'2022-11-14','N',2),
(684,'2022-11-15','',2),
(685,'2022-11-16','',2),
(686,'2022-11-17','',2),
(687,'2022-11-18','',2),
(688,'2022-11-19','M',2),
(689,'2022-11-20','AM',2),
(690,'2022-11-21','AM',2),
(691,'2022-11-22','N',2),
(692,'2022-11-23','N',2),
(693,'2022-11-24','',2),
(694,'2022-11-25','',2),
(695,'2022-11-26','',2),
(696,'2022-11-27','M',2),
(697,'2022-11-28','M',2),
(698,'2022-11-29','AM',2),
(699,'2022-11-30','AM',2),
(700,'2022-12-01','N',2),
(701,'2022-12-02','N',2),
(702,'2022-12-03','',2),
(703,'2022-12-04','',2),
(704,'2022-12-05','',2),
(705,'2022-12-06','M',2),
(706,'2022-12-07','M',2),
(707,'2022-12-08','AM',2),
(708,'2022-12-09','AM',2),
(709,'2022-12-10','N',2),
(710,'2022-12-11','',2),
(711,'2022-12-12','',2),
(712,'2022-12-13','',2),
(713,'2022-12-14','',2),
(714,'2022-12-15','M',2),
(715,'2022-12-16','M',2),
(716,'2022-12-17','AM',2),
(717,'2022-12-18','N',2),
(718,'2022-12-19','N',2),
(719,'2022-12-20','',2),
(720,'2022-12-21','',2),
(721,'2022-12-22','',2),
(722,'2022-12-23','',2),
(723,'2022-12-24','M',2),
(724,'2022-12-25','AM',2),
(725,'2022-12-26','AM',2),
(726,'2022-12-27','N',2),
(727,'2022-12-28','N',2),
(728,'2022-12-29','',2),
(729,'2022-12-30','',2),
(730,'2022-12-31','',2),
(731,'2022-01-01','N',3),
(732,'2022-01-02','',3),
(733,'2022-01-03','',3),
(734,'2022-01-04','',3),
(735,'2022-01-05','',3),
(736,'2022-01-06','M',3),
(737,'2022-01-07','M',3),
(738,'2022-01-08','AM',3),
(739,'2022-01-09','N',3),
(740,'2022-01-10','N',3),
(741,'2022-01-11','',3),
(742,'2022-01-12','',3),
(743,'2022-01-13','',3),
(744,'2022-01-14','',3),
(745,'2022-01-15','M',3),
(746,'2022-01-16','AM',3),
(747,'2022-01-17','AM',3),
(748,'2022-01-18','N',3),
(749,'2022-01-19','N',3),
(750,'2022-01-20','',3),
(751,'2022-01-21','',3),
(752,'2022-01-22','',3),
(753,'2022-01-23','M',3),
(754,'2022-01-24','M',3),
(755,'2022-01-25','AM',3),
(756,'2022-01-26','AM',3),
(757,'2022-01-27','N',3),
(758,'2022-01-28','N',3),
(759,'2022-01-29','',3),
(760,'2022-01-30','',3),
(761,'2022-01-31','',3),
(762,'2022-02-01','M',3),
(763,'2022-02-02','M',3),
(764,'2022-02-03','AM',3),
(765,'2022-02-04','AM',3),
(766,'2022-02-05','N',3),
(767,'2022-02-06','',3),
(768,'2022-02-07','',3),
(769,'2022-02-08','',3),
(770,'2022-02-09','',3),
(771,'2022-02-10','M',3),
(772,'2022-02-11','M',3),
(773,'2022-02-12','AM',3),
(774,'2022-02-13','N',3),
(775,'2022-02-14','N',3),
(776,'2022-02-15','',3),
(777,'2022-02-16','',3),
(778,'2022-02-17','',3),
(779,'2022-02-18','',3),
(780,'2022-02-19','M',3),
(781,'2022-02-20','AM',3),
(782,'2022-02-21','AM',3),
(783,'2022-02-22','N',3),
(784,'2022-02-23','N',3),
(785,'2022-02-24','',3),
(786,'2022-02-25','',3),
(787,'2022-02-26','',3),
(788,'2022-02-27','M',3),
(789,'2022-02-28','M',3),
(790,'2022-03-01','AM',3),
(791,'2022-03-02','AM',3),
(792,'2022-03-03','N',3),
(793,'2022-03-04','N',3),
(794,'2022-03-05','',3),
(795,'2022-03-06','',3),
(796,'2022-03-07','',3),
(797,'2022-03-08','M',3),
(798,'2022-03-09','M',3),
(799,'2022-03-10','AM',3),
(800,'2022-03-11','AM',3),
(801,'2022-03-12','N',3),
(802,'2022-03-13','',3),
(803,'2022-03-14','',3),
(804,'2022-03-15','',3),
(805,'2022-03-16','',3),
(806,'2022-03-17','M',3),
(807,'2022-03-18','M',3),
(808,'2022-03-19','AM',3),
(809,'2022-03-20','N',3),
(810,'2022-03-21','N',3),
(811,'2022-03-22','',3),
(812,'2022-03-23','',3),
(813,'2022-03-24','',3),
(814,'2022-03-25','',3),
(815,'2022-03-26','M',3),
(816,'2022-03-27','AM',3),
(817,'2022-03-28','AM',3),
(818,'2022-03-29','N',3),
(819,'2022-03-30','N',3),
(820,'2022-03-31','',3),
(821,'2022-04-01','',3),
(822,'2022-04-02','',3),
(823,'2022-04-03','M',3),
(824,'2022-04-04','M',3),
(825,'2022-04-05','AM',3),
(826,'2022-04-06','AM',3),
(827,'2022-04-07','N',3),
(828,'2022-04-08','N',3),
(829,'2022-04-09','',3),
(830,'2022-04-10','',3),
(831,'2022-04-11','',3),
(832,'2022-04-12','M',3),
(833,'2022-04-13','M',3),
(834,'2022-04-14','AM',3),
(835,'2022-04-15','AM',3),
(836,'2022-04-16','N',3),
(837,'2022-04-17','',3),
(838,'2022-04-18','',3),
(839,'2022-04-19','',3),
(840,'2022-04-20','',3),
(841,'2022-04-21','M',3),
(842,'2022-04-22','M',3),
(843,'2022-04-23','AM',3),
(844,'2022-04-24','N',3),
(845,'2022-04-25','N',3),
(846,'2022-04-26','',3),
(847,'2022-04-27','',3),
(848,'2022-04-28','',3),
(849,'2022-04-29','',3),
(850,'2022-04-30','M',3),
(851,'2022-05-01','AM',3),
(852,'2022-05-02','AM',3),
(853,'2022-05-03','N',3),
(854,'2022-05-04','N',3),
(855,'2022-05-05','',3),
(856,'2022-05-06','',3),
(857,'2022-05-07','',3),
(858,'2022-05-08','M',3),
(859,'2022-05-09','M',3),
(860,'2022-05-10','AM',3),
(861,'2022-05-11','AM',3),
(862,'2022-05-12','N',3),
(863,'2022-05-13','N',3),
(864,'2022-05-14','',3),
(865,'2022-05-15','',3),
(866,'2022-05-16','',3),
(867,'2022-05-17','M',3),
(868,'2022-05-18','M',3),
(869,'2022-05-19','AM',3),
(870,'2022-05-20','AM',3),
(871,'2022-05-21','N',3),
(872,'2022-05-22','',3),
(873,'2022-05-23','',3),
(874,'2022-05-24','',3),
(875,'2022-05-25','',3),
(876,'2022-05-26','M',3),
(877,'2022-05-27','M',3),
(878,'2022-05-28','AM',3),
(879,'2022-05-29','N',3),
(880,'2022-05-30','N',3),
(881,'2022-05-31','',3),
(882,'2022-06-01','',3),
(883,'2022-06-02','',3),
(884,'2022-06-03','',3),
(885,'2022-06-04','M',3),
(886,'2022-06-05','AM',3),
(887,'2022-06-06','AM',3),
(888,'2022-06-07','N',3),
(889,'2022-06-08','N',3),
(890,'2022-06-09','',3),
(891,'2022-06-10','',3),
(892,'2022-06-11','',3),
(893,'2022-06-12','M',3),
(894,'2022-06-13','M',3),
(895,'2022-06-14','AM',3),
(896,'2022-06-15','AM',3),
(897,'2022-06-16','N',3),
(898,'2022-06-17','N',3),
(899,'2022-06-18','',3),
(900,'2022-06-19','',3),
(901,'2022-06-20','',3),
(902,'2022-06-21','M',3),
(903,'2022-06-22','M',3),
(904,'2022-06-23','AM',3),
(905,'2022-06-24','AM',3),
(906,'2022-06-25','N',3),
(907,'2022-06-26','',3),
(908,'2022-06-27','',3),
(909,'2022-06-28','',3),
(910,'2022-06-29','',3),
(911,'2022-06-30','M',3),
(912,'2022-07-01','M',3),
(913,'2022-07-02','AM',3),
(914,'2022-07-03','N',3),
(915,'2022-07-04','N',3),
(916,'2022-07-05','',3),
(917,'2022-07-06','',3),
(918,'2022-07-07','',3),
(919,'2022-07-08','',3),
(920,'2022-07-09','M',3),
(921,'2022-07-10','AM',3),
(922,'2022-07-11','AM',3),
(923,'2022-07-12','N',3),
(924,'2022-07-13','N',3),
(925,'2022-07-14','',3),
(926,'2022-07-15','',3),
(927,'2022-07-16','',3),
(928,'2022-07-17','M',3),
(929,'2022-07-18','M',3),
(930,'2022-07-19','AM',3),
(931,'2022-07-20','AM',3),
(932,'2022-07-21','N',3),
(933,'2022-07-22','N',3),
(934,'2022-07-23','',3),
(935,'2022-07-24','',3),
(936,'2022-07-25','',3),
(937,'2022-07-26','M',3),
(938,'2022-07-27','M',3),
(939,'2022-07-28','AM',3),
(940,'2022-07-29','AM',3),
(941,'2022-07-30','N',3),
(942,'2022-07-31','',3),
(943,'2022-08-01','',3),
(944,'2022-08-02','',3),
(945,'2022-08-03','',3),
(946,'2022-08-04','M',3),
(947,'2022-08-05','M',3),
(948,'2022-08-06','AM',3),
(949,'2022-08-07','N',3),
(950,'2022-08-08','N',3),
(951,'2022-08-09','',3),
(952,'2022-08-10','',3),
(953,'2022-08-11','',3),
(954,'2022-08-12','',3),
(955,'2022-08-13','M',3),
(956,'2022-08-14','AM',3),
(957,'2022-08-15','AM',3),
(958,'2022-08-16','N',3),
(959,'2022-08-17','N',3),
(960,'2022-08-18','',3),
(961,'2022-08-19','',3),
(962,'2022-08-20','',3),
(963,'2022-08-21','M',3),
(964,'2022-08-22','M',3),
(965,'2022-08-23','AM',3),
(966,'2022-08-24','AM',3),
(967,'2022-08-25','N',3),
(968,'2022-08-26','N',3),
(969,'2022-08-27','',3),
(970,'2022-08-28','',3),
(971,'2022-08-29','',3),
(972,'2022-08-30','M',3),
(973,'2022-08-31','M',3),
(974,'2022-09-01','AM',3),
(975,'2022-09-02','AM',3),
(976,'2022-09-03','N',3),
(977,'2022-09-04','',3),
(978,'2022-09-05','',3),
(979,'2022-09-06','',3),
(980,'2022-09-07','',3),
(981,'2022-09-08','M',3),
(982,'2022-09-09','M',3),
(983,'2022-09-10','AM',3),
(984,'2022-09-11','N',3),
(985,'2022-09-12','N',3),
(986,'2022-09-13','',3),
(987,'2022-09-14','',3),
(988,'2022-09-15','',3),
(989,'2022-09-16','',3),
(990,'2022-09-17','M',3),
(991,'2022-09-18','AM',3),
(992,'2022-09-19','AM',3),
(993,'2022-09-20','N',3),
(994,'2022-09-21','N',3),
(995,'2022-09-22','',3),
(996,'2022-09-23','',3),
(997,'2022-09-24','',3),
(998,'2022-09-25','M',3),
(999,'2022-09-26','M',3),
(1000,'2022-09-27','AM',3),
(1001,'2022-09-28','AM',3),
(1002,'2022-09-29','N',3),
(1003,'2022-09-30','N',3),
(1004,'2022-10-01','',3),
(1005,'2022-10-02','',3),
(1006,'2022-10-03','',3),
(1007,'2022-10-04','M',3),
(1008,'2022-10-05','M',3),
(1009,'2022-10-06','AM',3),
(1010,'2022-10-07','AM',3),
(1011,'2022-10-08','N',3),
(1012,'2022-10-09','',3),
(1013,'2022-10-10','',3),
(1014,'2022-10-11','',3),
(1015,'2022-10-12','',3),
(1016,'2022-10-13','M',3),
(1017,'2022-10-14','M',3),
(1018,'2022-10-15','AM',3),
(1019,'2022-10-16','N',3),
(1020,'2022-10-17','N',3),
(1021,'2022-10-18','',3),
(1022,'2022-10-19','',3),
(1023,'2022-10-20','',3),
(1024,'2022-10-21','',3),
(1025,'2022-10-22','M',3),
(1026,'2022-10-23','AM',3),
(1027,'2022-10-24','AM',3),
(1028,'2022-10-25','N',3),
(1029,'2022-10-26','N',3),
(1030,'2022-10-27','',3),
(1031,'2022-10-28','',3),
(1032,'2022-10-29','',3),
(1033,'2022-10-30','M',3),
(1034,'2022-10-31','M',3),
(1035,'2022-11-01','AM',3),
(1036,'2022-11-02','AM',3),
(1037,'2022-11-03','N',3),
(1038,'2022-11-04','N',3),
(1039,'2022-11-05','',3),
(1040,'2022-11-06','',3),
(1041,'2022-11-07','',3),
(1042,'2022-11-08','M',3),
(1043,'2022-11-09','M',3),
(1044,'2022-11-10','AM',3),
(1045,'2022-11-11','AM',3),
(1046,'2022-11-12','N',3),
(1047,'2022-11-13','',3),
(1048,'2022-11-14','',3),
(1049,'2022-11-15','',3),
(1050,'2022-11-16','',3),
(1051,'2022-11-17','M',3),
(1052,'2022-11-18','M',3),
(1053,'2022-11-19','AM',3),
(1054,'2022-11-20','N',3),
(1055,'2022-11-21','N',3),
(1056,'2022-11-22','',3),
(1057,'2022-11-23','',3),
(1058,'2022-11-24','',3),
(1059,'2022-11-25','',3),
(1060,'2022-11-26','M',3),
(1061,'2022-11-27','AM',3),
(1062,'2022-11-28','AM',3),
(1063,'2022-11-29','N',3),
(1064,'2022-11-30','N',3),
(1065,'2022-12-01','',3),
(1066,'2022-12-02','',3),
(1067,'2022-12-03','',3),
(1068,'2022-12-04','M',3),
(1069,'2022-12-05','M',3),
(1070,'2022-12-06','AM',3),
(1071,'2022-12-07','AM',3),
(1072,'2022-12-08','N',3),
(1073,'2022-12-09','N',3),
(1074,'2022-12-10','',3),
(1075,'2022-12-11','',3),
(1076,'2022-12-12','',3),
(1077,'2022-12-13','M',3),
(1078,'2022-12-14','M',3),
(1079,'2022-12-15','AM',3),
(1080,'2022-12-16','AM',3),
(1081,'2022-12-17','N',3),
(1082,'2022-12-18','',3),
(1083,'2022-12-19','',3),
(1084,'2022-12-20','',3),
(1085,'2022-12-21','',3),
(1086,'2022-12-22','M',3),
(1087,'2022-12-23','M',3),
(1088,'2022-12-24','AM',3),
(1089,'2022-12-25','N',3),
(1090,'2022-12-26','N',3),
(1091,'2022-12-27','',3),
(1092,'2022-12-28','',3),
(1093,'2022-12-29','',3),
(1094,'2022-12-30','',3),
(1095,'2022-12-31','M',3),
(1096,'2022-01-01','',4),
(1097,'2022-01-02','',4),
(1098,'2022-01-03','',4),
(1099,'2022-01-04','M',4),
(1100,'2022-01-05','M',4),
(1101,'2022-01-06','AM',4),
(1102,'2022-01-07','AM',4),
(1103,'2022-01-08','N',4),
(1104,'2022-01-09','',4),
(1105,'2022-01-10','',4),
(1106,'2022-01-11','',4),
(1107,'2022-01-12','',4),
(1108,'2022-01-13','M',4),
(1109,'2022-01-14','M',4),
(1110,'2022-01-15','AM',4),
(1111,'2022-01-16','N',4),
(1112,'2022-01-17','N',4),
(1113,'2022-01-18','',4),
(1114,'2022-01-19','',4),
(1115,'2022-01-20','',4),
(1116,'2022-01-21','',4),
(1117,'2022-01-22','M',4),
(1118,'2022-01-23','AM',4),
(1119,'2022-01-24','AM',4),
(1120,'2022-01-25','N',4),
(1121,'2022-01-26','N',4),
(1122,'2022-01-27','',4),
(1123,'2022-01-28','',4),
(1124,'2022-01-29','',4),
(1125,'2022-01-30','M',4),
(1126,'2022-01-31','M',4),
(1127,'2022-02-01','AM',4),
(1128,'2022-02-02','AM',4),
(1129,'2022-02-03','N',4),
(1130,'2022-02-04','N',4),
(1131,'2022-02-05','',4),
(1132,'2022-02-06','',4),
(1133,'2022-02-07','',4),
(1134,'2022-02-08','M',4),
(1135,'2022-02-09','M',4),
(1136,'2022-02-10','AM',4),
(1137,'2022-02-11','AM',4),
(1138,'2022-02-12','N',4),
(1139,'2022-02-13','',4),
(1140,'2022-02-14','',4),
(1141,'2022-02-15','',4),
(1142,'2022-02-16','',4),
(1143,'2022-02-17','M',4),
(1144,'2022-02-18','M',4),
(1145,'2022-02-19','AM',4),
(1146,'2022-02-20','N',4),
(1147,'2022-02-21','N',4),
(1148,'2022-02-22','',4),
(1149,'2022-02-23','',4),
(1150,'2022-02-24','',4),
(1151,'2022-02-25','',4),
(1152,'2022-02-26','M',4),
(1153,'2022-02-27','AM',4),
(1154,'2022-02-28','AM',4),
(1155,'2022-03-01','N',4),
(1156,'2022-03-02','N',4),
(1157,'2022-03-03','',4),
(1158,'2022-03-04','',4),
(1159,'2022-03-05','',4),
(1160,'2022-03-06','M',4),
(1161,'2022-03-07','M',4),
(1162,'2022-03-08','AM',4),
(1163,'2022-03-09','AM',4),
(1164,'2022-03-10','N',4),
(1165,'2022-03-11','N',4),
(1166,'2022-03-12','',4),
(1167,'2022-03-13','',4),
(1168,'2022-03-14','',4),
(1169,'2022-03-15','M',4),
(1170,'2022-03-16','M',4),
(1171,'2022-03-17','AM',4),
(1172,'2022-03-18','AM',4),
(1173,'2022-03-19','N',4),
(1174,'2022-03-20','',4),
(1175,'2022-03-21','',4),
(1176,'2022-03-22','',4),
(1177,'2022-03-23','',4),
(1178,'2022-03-24','M',4),
(1179,'2022-03-25','M',4),
(1180,'2022-03-26','AM',4),
(1181,'2022-03-27','N',4),
(1182,'2022-03-28','N',4),
(1183,'2022-03-29','',4),
(1184,'2022-03-30','',4),
(1185,'2022-03-31','',4),
(1186,'2022-04-01','',4),
(1187,'2022-04-02','M',4),
(1188,'2022-04-03','AM',4),
(1189,'2022-04-04','AM',4),
(1190,'2022-04-05','N',4),
(1191,'2022-04-06','N',4),
(1192,'2022-04-07','',4),
(1193,'2022-04-08','',4),
(1194,'2022-04-09','',4),
(1195,'2022-04-10','M',4),
(1196,'2022-04-11','M',4),
(1197,'2022-04-12','AM',4),
(1198,'2022-04-13','AM',4),
(1199,'2022-04-14','N',4),
(1200,'2022-04-15','N',4),
(1201,'2022-04-16','',4),
(1202,'2022-04-17','',4),
(1203,'2022-04-18','',4),
(1204,'2022-04-19','M',4),
(1205,'2022-04-20','M',4),
(1206,'2022-04-21','AM',4),
(1207,'2022-04-22','AM',4),
(1208,'2022-04-23','N',4),
(1209,'2022-04-24','',4),
(1210,'2022-04-25','',4),
(1211,'2022-04-26','',4),
(1212,'2022-04-27','',4),
(1213,'2022-04-28','M',4),
(1214,'2022-04-29','M',4),
(1215,'2022-04-30','AM',4),
(1216,'2022-05-01','N',4),
(1217,'2022-05-02','N',4),
(1218,'2022-05-03','',4),
(1219,'2022-05-04','',4),
(1220,'2022-05-05','',4),
(1221,'2022-05-06','',4),
(1222,'2022-05-07','M',4),
(1223,'2022-05-08','AM',4),
(1224,'2022-05-09','AM',4),
(1225,'2022-05-10','N',4),
(1226,'2022-05-11','N',4),
(1227,'2022-05-12','',4),
(1228,'2022-05-13','',4),
(1229,'2022-05-14','',4),
(1230,'2022-05-15','M',4),
(1231,'2022-05-16','M',4),
(1232,'2022-05-17','AM',4),
(1233,'2022-05-18','AM',4),
(1234,'2022-05-19','N',4),
(1235,'2022-05-20','N',4),
(1236,'2022-05-21','',4),
(1237,'2022-05-22','',4),
(1238,'2022-05-23','',4),
(1239,'2022-05-24','M',4),
(1240,'2022-05-25','M',4),
(1241,'2022-05-26','AM',4),
(1242,'2022-05-27','AM',4),
(1243,'2022-05-28','N',4),
(1244,'2022-05-29','',4),
(1245,'2022-05-30','',4),
(1246,'2022-05-31','',4),
(1247,'2022-06-01','',4),
(1248,'2022-06-02','M',4),
(1249,'2022-06-03','M',4),
(1250,'2022-06-04','AM',4),
(1251,'2022-06-05','N',4),
(1252,'2022-06-06','N',4),
(1253,'2022-06-07','',4),
(1254,'2022-06-08','',4),
(1255,'2022-06-09','',4),
(1256,'2022-06-10','',4),
(1257,'2022-06-11','M',4),
(1258,'2022-06-12','AM',4),
(1259,'2022-06-13','AM',4),
(1260,'2022-06-14','N',4),
(1261,'2022-06-15','N',4),
(1262,'2022-06-16','',4),
(1263,'2022-06-17','',4),
(1264,'2022-06-18','',4),
(1265,'2022-06-19','M',4),
(1266,'2022-06-20','M',4),
(1267,'2022-06-21','AM',4),
(1268,'2022-06-22','AM',4),
(1269,'2022-06-23','N',4),
(1270,'2022-06-24','N',4),
(1271,'2022-06-25','',4),
(1272,'2022-06-26','',4),
(1273,'2022-06-27','',4),
(1274,'2022-06-28','M',4),
(1275,'2022-06-29','M',4),
(1276,'2022-06-30','AM',4),
(1277,'2022-07-01','AM',4),
(1278,'2022-07-02','N',4),
(1279,'2022-07-03','',4),
(1280,'2022-07-04','',4),
(1281,'2022-07-05','',4),
(1282,'2022-07-06','',4),
(1283,'2022-07-07','M',4),
(1284,'2022-07-08','M',4),
(1285,'2022-07-09','AM',4),
(1286,'2022-07-10','N',4),
(1287,'2022-07-11','N',4),
(1288,'2022-07-12','',4),
(1289,'2022-07-13','',4),
(1290,'2022-07-14','',4),
(1291,'2022-07-15','',4),
(1292,'2022-07-16','M',4),
(1293,'2022-07-17','AM',4),
(1294,'2022-07-18','AM',4),
(1295,'2022-07-19','N',4),
(1296,'2022-07-20','N',4),
(1297,'2022-07-21','',4),
(1298,'2022-07-22','',4),
(1299,'2022-07-23','',4),
(1300,'2022-07-24','M',4),
(1301,'2022-07-25','M',4),
(1302,'2022-07-26','AM',4),
(1303,'2022-07-27','AM',4),
(1304,'2022-07-28','N',4),
(1305,'2022-07-29','N',4),
(1306,'2022-07-30','',4),
(1307,'2022-07-31','',4),
(1308,'2022-08-01','',4),
(1309,'2022-08-02','M',4),
(1310,'2022-08-03','M',4),
(1311,'2022-08-04','AM',4),
(1312,'2022-08-05','AM',4),
(1313,'2022-08-06','N',4),
(1314,'2022-08-07','',4),
(1315,'2022-08-08','',4),
(1316,'2022-08-09','',4),
(1317,'2022-08-10','',4),
(1318,'2022-08-11','M',4),
(1319,'2022-08-12','M',4),
(1320,'2022-08-13','AM',4),
(1321,'2022-08-14','N',4),
(1322,'2022-08-15','N',4),
(1323,'2022-08-16','',4),
(1324,'2022-08-17','',4),
(1325,'2022-08-18','',4),
(1326,'2022-08-19','',4),
(1327,'2022-08-20','M',4),
(1328,'2022-08-21','AM',4),
(1329,'2022-08-22','AM',4),
(1330,'2022-08-23','N',4),
(1331,'2022-08-24','N',4),
(1332,'2022-08-25','',4),
(1333,'2022-08-26','',4),
(1334,'2022-08-27','',4),
(1335,'2022-08-28','M',4),
(1336,'2022-08-29','M',4),
(1337,'2022-08-30','AM',4),
(1338,'2022-08-31','AM',4),
(1339,'2022-09-01','N',4),
(1340,'2022-09-02','N',4),
(1341,'2022-09-03','',4),
(1342,'2022-09-04','',4),
(1343,'2022-09-05','',4),
(1344,'2022-09-06','M',4),
(1345,'2022-09-07','M',4),
(1346,'2022-09-08','AM',4),
(1347,'2022-09-09','AM',4),
(1348,'2022-09-10','N',4),
(1349,'2022-09-11','',4),
(1350,'2022-09-12','',4),
(1351,'2022-09-13','',4),
(1352,'2022-09-14','',4),
(1353,'2022-09-15','M',4),
(1354,'2022-09-16','M',4),
(1355,'2022-09-17','AM',4),
(1356,'2022-09-18','N',4),
(1357,'2022-09-19','N',4),
(1358,'2022-09-20','',4),
(1359,'2022-09-21','',4),
(1360,'2022-09-22','',4),
(1361,'2022-09-23','',4),
(1362,'2022-09-24','M',4),
(1363,'2022-09-25','AM',4),
(1364,'2022-09-26','AM',4),
(1365,'2022-09-27','N',4),
(1366,'2022-09-28','N',4),
(1367,'2022-09-29','',4),
(1368,'2022-09-30','',4),
(1369,'2022-10-01','',4),
(1370,'2022-10-02','M',4),
(1371,'2022-10-03','M',4),
(1372,'2022-10-04','AM',4),
(1373,'2022-10-05','AM',4),
(1374,'2022-10-06','N',4),
(1375,'2022-10-07','N',4),
(1376,'2022-10-08','',4),
(1377,'2022-10-09','',4),
(1378,'2022-10-10','',4),
(1379,'2022-10-11','M',4),
(1380,'2022-10-12','M',4),
(1381,'2022-10-13','AM',4),
(1382,'2022-10-14','AM',4),
(1383,'2022-10-15','N',4),
(1384,'2022-10-16','',4),
(1385,'2022-10-17','',4),
(1386,'2022-10-18','',4),
(1387,'2022-10-19','',4),
(1388,'2022-10-20','M',4),
(1389,'2022-10-21','M',4),
(1390,'2022-10-22','AM',4),
(1391,'2022-10-23','N',4),
(1392,'2022-10-24','N',4),
(1393,'2022-10-25','',4),
(1394,'2022-10-26','',4),
(1395,'2022-10-27','',4),
(1396,'2022-10-28','',4),
(1397,'2022-10-29','M',4),
(1398,'2022-10-30','AM',4),
(1399,'2022-10-31','AM',4),
(1400,'2022-11-01','N',4),
(1401,'2022-11-02','N',4),
(1402,'2022-11-03','',4),
(1403,'2022-11-04','',4),
(1404,'2022-11-05','',4),
(1405,'2022-11-06','M',4),
(1406,'2022-11-07','M',4),
(1407,'2022-11-08','AM',4),
(1408,'2022-11-09','AM',4),
(1409,'2022-11-10','N',4),
(1410,'2022-11-11','N',4),
(1411,'2022-11-12','',4),
(1412,'2022-11-13','',4),
(1413,'2022-11-14','',4),
(1414,'2022-11-15','M',4),
(1415,'2022-11-16','M',4),
(1416,'2022-11-17','AM',4),
(1417,'2022-11-18','AM',4),
(1418,'2022-11-19','N',4),
(1419,'2022-11-20','',4),
(1420,'2022-11-21','',4),
(1421,'2022-11-22','',4),
(1422,'2022-11-23','',4),
(1423,'2022-11-24','M',4),
(1424,'2022-11-25','M',4),
(1425,'2022-11-26','AM',4),
(1426,'2022-11-27','N',4),
(1427,'2022-11-28','N',4),
(1428,'2022-11-29','',4),
(1429,'2022-11-30','',4),
(1430,'2022-12-01','',4),
(1431,'2022-12-02','',4),
(1432,'2022-12-03','M',4),
(1433,'2022-12-04','AM',4),
(1434,'2022-12-05','AM',4),
(1435,'2022-12-06','N',4),
(1436,'2022-12-07','N',4),
(1437,'2022-12-08','',4),
(1438,'2022-12-09','',4),
(1439,'2022-12-10','',4),
(1440,'2022-12-11','M',4),
(1441,'2022-12-12','M',4),
(1442,'2022-12-13','AM',4),
(1443,'2022-12-14','AM',4),
(1444,'2022-12-15','N',4),
(1445,'2022-12-16','N',4),
(1446,'2022-12-17','',4),
(1447,'2022-12-18','',4),
(1448,'2022-12-19','',4),
(1449,'2022-12-20','M',4),
(1450,'2022-12-21','M',4),
(1451,'2022-12-22','AM',4),
(1452,'2022-12-23','AM',4),
(1453,'2022-12-24','N',4),
(1454,'2022-12-25','',4),
(1455,'2022-12-26','',4),
(1456,'2022-12-27','',4),
(1457,'2022-12-28','',4),
(1458,'2022-12-29','M',4),
(1459,'2022-12-30','M',4),
(1460,'2022-12-31','AM',4),
(1461,'2022-01-01','',5),
(1462,'2022-01-02','M',5),
(1463,'2022-01-03','M',5),
(1464,'2022-01-04','AM',5),
(1465,'2022-01-05','AM',5),
(1466,'2022-01-06','N',5),
(1467,'2022-01-07','N',5),
(1468,'2022-01-08','',5),
(1469,'2022-01-09','',5),
(1470,'2022-01-10','',5),
(1471,'2022-01-11','M',5),
(1472,'2022-01-12','M',5),
(1473,'2022-01-13','AM',5),
(1474,'2022-01-14','AM',5),
(1475,'2022-01-15','N',5),
(1476,'2022-01-16','',5),
(1477,'2022-01-17','',5),
(1478,'2022-01-18','',5),
(1479,'2022-01-19','',5),
(1480,'2022-01-20','M',5),
(1481,'2022-01-21','M',5),
(1482,'2022-01-22','AM',5),
(1483,'2022-01-23','N',5),
(1484,'2022-01-24','N',5),
(1485,'2022-01-25','',5),
(1486,'2022-01-26','',5),
(1487,'2022-01-27','',5),
(1488,'2022-01-28','',5),
(1489,'2022-01-29','M',5),
(1490,'2022-01-30','AM',5),
(1491,'2022-01-31','AM',5),
(1492,'2022-02-01','N',5),
(1493,'2022-02-02','N',5),
(1494,'2022-02-03','',5),
(1495,'2022-02-04','',5),
(1496,'2022-02-05','',5),
(1497,'2022-02-06','M',5),
(1498,'2022-02-07','M',5),
(1499,'2022-02-08','AM',5),
(1500,'2022-02-09','AM',5),
(1501,'2022-02-10','N',5),
(1502,'2022-02-11','N',5),
(1503,'2022-02-12','',5),
(1504,'2022-02-13','',5),
(1505,'2022-02-14','',5),
(1506,'2022-02-15','M',5),
(1507,'2022-02-16','M',5),
(1508,'2022-02-17','AM',5),
(1509,'2022-02-18','AM',5),
(1510,'2022-02-19','N',5),
(1511,'2022-02-20','',5),
(1512,'2022-02-21','',5),
(1513,'2022-02-22','',5),
(1514,'2022-02-23','',5),
(1515,'2022-02-24','M',5),
(1516,'2022-02-25','M',5),
(1517,'2022-02-26','AM',5),
(1518,'2022-02-27','N',5),
(1519,'2022-02-28','N',5),
(1520,'2022-03-01','',5),
(1521,'2022-03-02','',5),
(1522,'2022-03-03','',5),
(1523,'2022-03-04','',5),
(1524,'2022-03-05','M',5),
(1525,'2022-03-06','AM',5),
(1526,'2022-03-07','AM',5),
(1527,'2022-03-08','N',5),
(1528,'2022-03-09','N',5),
(1529,'2022-03-10','',5),
(1530,'2022-03-11','',5),
(1531,'2022-03-12','',5),
(1532,'2022-03-13','M',5),
(1533,'2022-03-14','M',5),
(1534,'2022-03-15','AM',5),
(1535,'2022-03-16','AM',5),
(1536,'2022-03-17','N',5),
(1537,'2022-03-18','N',5),
(1538,'2022-03-19','',5),
(1539,'2022-03-20','',5),
(1540,'2022-03-21','',5),
(1541,'2022-03-22','M',5),
(1542,'2022-03-23','M',5),
(1543,'2022-03-24','AM',5),
(1544,'2022-03-25','AM',5),
(1545,'2022-03-26','N',5),
(1546,'2022-03-27','',5),
(1547,'2022-03-28','',5),
(1548,'2022-03-29','',5),
(1549,'2022-03-30','',5),
(1550,'2022-03-31','M',5),
(1551,'2022-04-01','M',5),
(1552,'2022-04-02','AM',5),
(1553,'2022-04-03','N',5),
(1554,'2022-04-04','N',5),
(1555,'2022-04-05','',5),
(1556,'2022-04-06','',5),
(1557,'2022-04-07','',5),
(1558,'2022-04-08','',5),
(1559,'2022-04-09','M',5),
(1560,'2022-04-10','AM',5),
(1561,'2022-04-11','AM',5),
(1562,'2022-04-12','N',5),
(1563,'2022-04-13','N',5),
(1564,'2022-04-14','',5),
(1565,'2022-04-15','',5),
(1566,'2022-04-16','',5),
(1567,'2022-04-17','M',5),
(1568,'2022-04-18','M',5),
(1569,'2022-04-19','AM',5),
(1570,'2022-04-20','AM',5),
(1571,'2022-04-21','N',5),
(1572,'2022-04-22','N',5),
(1573,'2022-04-23','',5),
(1574,'2022-04-24','',5),
(1575,'2022-04-25','',5),
(1576,'2022-04-26','M',5),
(1577,'2022-04-27','M',5),
(1578,'2022-04-28','AM',5),
(1579,'2022-04-29','AM',5),
(1580,'2022-04-30','N',5),
(1581,'2022-05-01','',5),
(1582,'2022-05-02','',5),
(1583,'2022-05-03','',5),
(1584,'2022-05-04','',5),
(1585,'2022-05-05','M',5),
(1586,'2022-05-06','M',5),
(1587,'2022-05-07','AM',5),
(1588,'2022-05-08','N',5),
(1589,'2022-05-09','N',5),
(1590,'2022-05-10','',5),
(1591,'2022-05-11','',5),
(1592,'2022-05-12','',5),
(1593,'2022-05-13','',5),
(1594,'2022-05-14','M',5),
(1595,'2022-05-15','AM',5),
(1596,'2022-05-16','AM',5),
(1597,'2022-05-17','N',5),
(1598,'2022-05-18','N',5),
(1599,'2022-05-19','',5),
(1600,'2022-05-20','',5),
(1601,'2022-05-21','',5),
(1602,'2022-05-22','M',5),
(1603,'2022-05-23','M',5),
(1604,'2022-05-24','AM',5),
(1605,'2022-05-25','AM',5),
(1606,'2022-05-26','N',5),
(1607,'2022-05-27','N',5),
(1608,'2022-05-28','',5),
(1609,'2022-05-29','',5),
(1610,'2022-05-30','',5),
(1611,'2022-05-31','M',5),
(1612,'2022-06-01','M',5),
(1613,'2022-06-02','AM',5),
(1614,'2022-06-03','AM',5),
(1615,'2022-06-04','N',5),
(1616,'2022-06-05','',5),
(1617,'2022-06-06','',5),
(1618,'2022-06-07','',5),
(1619,'2022-06-08','',5),
(1620,'2022-06-09','M',5),
(1621,'2022-06-10','M',5),
(1622,'2022-06-11','AM',5),
(1623,'2022-06-12','N',5),
(1624,'2022-06-13','N',5),
(1625,'2022-06-14','',5),
(1626,'2022-06-15','',5),
(1627,'2022-06-16','',5),
(1628,'2022-06-17','',5),
(1629,'2022-06-18','M',5),
(1630,'2022-06-19','AM',5),
(1631,'2022-06-20','AM',5),
(1632,'2022-06-21','N',5),
(1633,'2022-06-22','N',5),
(1634,'2022-06-23','',5),
(1635,'2022-06-24','',5),
(1636,'2022-06-25','',5),
(1637,'2022-06-26','M',5),
(1638,'2022-06-27','M',5),
(1639,'2022-06-28','AM',5),
(1640,'2022-06-29','AM',5),
(1641,'2022-06-30','N',5),
(1642,'2022-07-01','N',5),
(1643,'2022-07-02','',5),
(1644,'2022-07-03','',5),
(1645,'2022-07-04','',5),
(1646,'2022-07-05','M',5),
(1647,'2022-07-06','M',5),
(1648,'2022-07-07','AM',5),
(1649,'2022-07-08','AM',5),
(1650,'2022-07-09','N',5),
(1651,'2022-07-10','',5),
(1652,'2022-07-11','',5),
(1653,'2022-07-12','',5),
(1654,'2022-07-13','',5),
(1655,'2022-07-14','M',5),
(1656,'2022-07-15','M',5),
(1657,'2022-07-16','AM',5),
(1658,'2022-07-17','N',5),
(1659,'2022-07-18','N',5),
(1660,'2022-07-19','',5),
(1661,'2022-07-20','',5),
(1662,'2022-07-21','',5),
(1663,'2022-07-22','',5),
(1664,'2022-07-23','M',5),
(1665,'2022-07-24','AM',5),
(1666,'2022-07-25','AM',5),
(1667,'2022-07-26','N',5),
(1668,'2022-07-27','N',5),
(1669,'2022-07-28','',5),
(1670,'2022-07-29','',5),
(1671,'2022-07-30','',5),
(1672,'2022-07-31','M',5),
(1673,'2022-08-01','M',5),
(1674,'2022-08-02','AM',5),
(1675,'2022-08-03','AM',5),
(1676,'2022-08-04','N',5),
(1677,'2022-08-05','N',5),
(1678,'2022-08-06','',5),
(1679,'2022-08-07','',5),
(1680,'2022-08-08','',5),
(1681,'2022-08-09','M',5),
(1682,'2022-08-10','M',5),
(1683,'2022-08-11','AM',5),
(1684,'2022-08-12','AM',5),
(1685,'2022-08-13','N',5),
(1686,'2022-08-14','',5),
(1687,'2022-08-15','',5),
(1688,'2022-08-16','',5),
(1689,'2022-08-17','',5),
(1690,'2022-08-18','M',5),
(1691,'2022-08-19','M',5),
(1692,'2022-08-20','AM',5),
(1693,'2022-08-21','N',5),
(1694,'2022-08-22','N',5),
(1695,'2022-08-23','',5),
(1696,'2022-08-24','',5),
(1697,'2022-08-25','',5),
(1698,'2022-08-26','',5),
(1699,'2022-08-27','M',5),
(1700,'2022-08-28','AM',5),
(1701,'2022-08-29','AM',5),
(1702,'2022-08-30','N',5),
(1703,'2022-08-31','N',5),
(1704,'2022-09-01','',5),
(1705,'2022-09-02','',5),
(1706,'2022-09-03','',5),
(1707,'2022-09-04','M',5),
(1708,'2022-09-05','M',5),
(1709,'2022-09-06','AM',5),
(1710,'2022-09-07','AM',5),
(1711,'2022-09-08','N',5),
(1712,'2022-09-09','N',5),
(1713,'2022-09-10','',5),
(1714,'2022-09-11','',5),
(1715,'2022-09-12','',5),
(1716,'2022-09-13','M',5),
(1717,'2022-09-14','M',5),
(1718,'2022-09-15','AM',5),
(1719,'2022-09-16','AM',5),
(1720,'2022-09-17','N',5),
(1721,'2022-09-18','',5),
(1722,'2022-09-19','',5),
(1723,'2022-09-20','',5),
(1724,'2022-09-21','',5),
(1725,'2022-09-22','M',5),
(1726,'2022-09-23','M',5),
(1727,'2022-09-24','AM',5),
(1728,'2022-09-25','N',5),
(1729,'2022-09-26','N',5),
(1730,'2022-09-27','',5),
(1731,'2022-09-28','',5),
(1732,'2022-09-29','',5),
(1733,'2022-09-30','',5),
(1734,'2022-10-01','M',5),
(1735,'2022-10-02','AM',5),
(1736,'2022-10-03','AM',5),
(1737,'2022-10-04','N',5),
(1738,'2022-10-05','N',5),
(1739,'2022-10-06','',5),
(1740,'2022-10-07','',5),
(1741,'2022-10-08','',5),
(1742,'2022-10-09','M',5),
(1743,'2022-10-10','M',5),
(1744,'2022-10-11','AM',5),
(1745,'2022-10-12','AM',5),
(1746,'2022-10-13','N',5),
(1747,'2022-10-14','N',5),
(1748,'2022-10-15','',5),
(1749,'2022-10-16','',5),
(1750,'2022-10-17','',5),
(1751,'2022-10-18','M',5),
(1752,'2022-10-19','M',5),
(1753,'2022-10-20','AM',5),
(1754,'2022-10-21','AM',5),
(1755,'2022-10-22','N',5),
(1756,'2022-10-23','',5),
(1757,'2022-10-24','',5),
(1758,'2022-10-25','',5),
(1759,'2022-10-26','',5),
(1760,'2022-10-27','M',5),
(1761,'2022-10-28','M',5),
(1762,'2022-10-29','AM',5),
(1763,'2022-10-30','N',5),
(1764,'2022-10-31','N',5),
(1765,'2022-11-01','',5),
(1766,'2022-11-02','',5),
(1767,'2022-11-03','',5),
(1768,'2022-11-04','',5),
(1769,'2022-11-05','M',5),
(1770,'2022-11-06','AM',5),
(1771,'2022-11-07','AM',5),
(1772,'2022-11-08','N',5),
(1773,'2022-11-09','N',5),
(1774,'2022-11-10','',5),
(1775,'2022-11-11','',5),
(1776,'2022-11-12','',5),
(1777,'2022-11-13','M',5),
(1778,'2022-11-14','M',5),
(1779,'2022-11-15','AM',5),
(1780,'2022-11-16','AM',5),
(1781,'2022-11-17','N',5),
(1782,'2022-11-18','N',5),
(1783,'2022-11-19','',5),
(1784,'2022-11-20','',5),
(1785,'2022-11-21','',5),
(1786,'2022-11-22','M',5),
(1787,'2022-11-23','M',5),
(1788,'2022-11-24','AM',5),
(1789,'2022-11-25','AM',5),
(1790,'2022-11-26','N',5),
(1791,'2022-11-27','',5),
(1792,'2022-11-28','',5),
(1793,'2022-11-29','',5),
(1794,'2022-11-30','',5),
(1795,'2022-12-01','M',5),
(1796,'2022-12-02','M',5),
(1797,'2022-12-03','AM',5),
(1798,'2022-12-04','N',5),
(1799,'2022-12-05','N',5),
(1800,'2022-12-06','',5),
(1801,'2022-12-07','',5),
(1802,'2022-12-08','',5),
(1803,'2022-12-09','',5),
(1804,'2022-12-10','M',5),
(1805,'2022-12-11','AM',5),
(1806,'2022-12-12','AM',5),
(1807,'2022-12-13','N',5),
(1808,'2022-12-14','N',5),
(1809,'2022-12-15','',5),
(1810,'2022-12-16','',5),
(1811,'2022-12-17','',5),
(1812,'2022-12-18','M',5),
(1813,'2022-12-19','M',5),
(1814,'2022-12-20','AM',5),
(1815,'2022-12-21','AM',5),
(1816,'2022-12-22','N',5),
(1817,'2022-12-23','N',5),
(1818,'2022-12-24','',5),
(1819,'2022-12-25','',5),
(1820,'2022-12-26','',5),
(1821,'2022-12-27','M',5),
(1822,'2022-12-28','M',5),
(1823,'2022-12-29','AM',5),
(1824,'2022-12-30','AM',5),
(1825,'2022-12-31','N',5);

INSERT INTO "affected_status" ("id","date","employee_id","status_id","team_id","comment") VALUES
(1,'2022-03-20',4,5,null,''),
(2,'2022-03-20',9,9,1,'Remplacement Etienne'),
(3,'2022-03-20',13,4,null,''),
(4,'2022-03-20',16,8,null,''),
(5,'2022-03-21',16,8,null,''),
(6,'2022-03-22',14,6,null,''),
(7,'2022-03-23',14,6,null,''),
(8,'2022-03-24',14,6,null,''),
(9,'2022-03-25',14,6,null,''),
(10,'2022-03-26',14,6,null,''),
(11,'2022-03-27',14,6,null,''),
(12,'2022-03-26',10,9,3,'Remplacement Morgan'),
(13,'2022-03-27',5,9,3,'Remplacement Morgan'),
(14,'2022-03-22',18,7,null,''),
(15,'2022-04-04',8,2,null,'En attente de voir si un remplaçant est possible'),
(16,'2022-04-05',8,2,null,'En attente de voir si un remplaçant est possible'),
(17,'2022-04-06',8,1,null,''),
(18,'2022-04-07',8,1,null,''),
(19,'2022-04-08',8,1,null,''),
(20,'2022-04-09',8,1,null,''),
(21,'2022-04-10',8,3,null,'Plus de congés disponibles'),
(22,'2022-03-31',26,10,null,''),
(23,'2022-04-01',26,10,null,''),
(24,'2022-04-02',26,10,null,''),
(25,'2022-04-03',26,10,null,'');

COMMIT;
