BEGIN;
TRUNCATE TABLE "team" RESTART IDENTITY;
INSERT INTO
  "team" (id, noun)
VALUES
  (1, 'Administrateurs'),
  (2, 'Equipe A'),
  (3, 'Equipe B'),
  (4, 'Equipe C'),
  (5, 'Equipe D'),
  (6, 'Equipe E');
TRUNCATE TABLE "status" RESTART IDENTITY;
INSERT INTO
  "status" (id, label)
VALUES
  (1, 'CP Validé'),
  (2, 'CP pris en compte'),
  (3, 'CP refusé'),
  (4, 'Formation'),
  (5, 'Récup'),
  (6, 'Maladie'),
  (7, 'Visite médicale'),
  (8, 'Délégation'),
  (9, 'Remplacement'),
  (10 'APLD');
TRUNCATE TABLE "employee" RESTART IDENTITY;
INSERT INTO
  "employee" (
    id,
    reg_number,
    name,
    lastname,
    role,
    password,
    station,
    team_id
  )
VALUES
  (
    1,
    'U002363',
    'Hicham',
    'CHRITA',
    'admin',
    'U002390',
    `Administrateur`,
    1
  ),
  (
    2,
    'U002364',
    'Esteban',
    'ROBERT',
    'user',
    'U002364',
    `Responsable d'équipe`,
    2
  ),
  (
    3,
    'U002365',
    'David',
    'RICHARD',
    'user',
    'U002365',
    `Conducteur de production`,
    2
  ),
  (
    4,
    'U002366',
    'Etienne',
    'DURAND',
    'user',
    'U002366',
    `Conducteur d'Installation - Fabrication`,
    2
  ),
  (
    5,
    'U002367',
    'Damien',
    'DUBOIS',
    'user',
    'U002367',
    `Conducteur d'Installation - Dépilage`,
    2
  ),
  (
    6,
    'U002368',
    'Erwan',
    'MOREAU',
    'user',
    'U002368',
    `Conducteur d'Installation - Cariste`,
    2
  ),
  (
    7,
    'U002369',
    'Lukas',
    'LAURENT',
    'user',
    'U002369',
    `Responsable d'équipe`,
    3
  ),
  (
    8,
    'U002370',
    'Loic',
    'SIMON',
    'user',
    'U002370',
    `Conducteur de production`,
    3
  ),
  (
    9,
    'U002371',
    'Lorenzo',
    'MICHEL',
    'user',
    'U002371',
    `Conducteur d'Installation - Fabrication`,
    3
  ),
  (
    10,
    'U002372',
    'Mathias',
    'LEFEBVRE',
    'user',
    'U002372',
    `Conducteur d'Installation - Dépilage`,
    3
  ),
  (
    11,
    'U002373',
    'Matthieu',
    'LEROY',
    'user',
    'U002373',
    `Conducteur d'Installation - Cariste`,
    3
  ),
  (
    12,
    'U002374',
    'Gaetan',
    'ROUX',
    'user',
    'U002374',
    `Conducteur de production`,
    4
  ),
  (
    13,
    'U002375',
    'Gaspard',
    'MOREL',
    'user',
    'U002375',
    `Conducteur d'Installation - Fabrication`,
    4
  ),
  (
    14,
    'U002376',
    'Morgan',
    'FOURNIER',
    'user',
    'U002376',
    `Conducteur d'Installation - Dépilage`,
    4
  ),
  (
    15,
    'U002377',
    'Rafael',
    'GIRARD',
    'user',
    'U002377',
    `Conducteur d'Installation - Cariste`,
    4
  ),
  (
    16,
    'U002378',
    'Kilian',
    'BONNET',
    'user',
    'U002378',
    `Responsable d'équipe`,
    5
  ),
  (
    17,
    'U002379',
    'Samuel',
    'DUPONT',
    'user',
    'U002379',
    `Conducteur de production`,
    5
  ),
  (
    18,
    'U002380',
    'Simon',
    'LAMBERT',
    'user',
    'U002380',
    `Conducteur d'Installation - Fabrication`,
    5
  ),
  (
    19,
    'U002381',
    'Kevin',
    'FONTAINE',
    'user',
    'U002381',
    `Conducteur d'Installation - Dépilage`,
    5
  ),
  (
    20,
    'U002382',
    'Sacha',
    'ROUSSEAU',
    'user',
    'U002382',
    `Conducteur d'Installation - Dépilage`,
    5
  ),
  (
    21,
    'U002383',
    'Tristan',
    'MULLER',
    'user',
    'U002383',
    `Conducteur d'Installation - Cariste`,
    5
  ),
  (
    22,
    'U002384',
    'Victor',
    'LEFEVRE',
    'user',
    'U002384',
    `Responsable d'équipe`,
    6
  ),
  (
    23,
    'U002385',
    'Jordan',
    'FAURE',
    'user',
    'U002385',
    `Conducteur de production`,
    6
  ),
  (
    24,
    'U002386',
    'Killian',
    'MERCIER',
    'user',
    'U002386',
    `Conducteur d'Installation - Fabrication`,
    6
  ),
  (
    25,
    'U002387',
    'Matteo',
    'BLANC',
    'user',
    'U002387',
    `Conducteur d'Installation - Dépilage`,
    6
  ),
  (
    26,
    'U002388',
    'Mael',
    'GUERIN',
    'user',
    'U002388',
    `Conducteur d'Installation - Dépilage`,
    6
  ),
  (
    27,
    'U002389',
    'Maxime',
    'MASSON',
    'user',
    'U002389',
    `Conducteur d'Installation - Cariste`,
    6
  );
TRUNCATE TABLE "calendar" RESTART IDENTITY;
INSERT INTO
  "calendar" (id, date)
VALUES
  (1, '2022-01-01'),
  (2, '2022-01-02'),
  (3, '2022-01-03'),
  (4, '2022-01-04'),
  (5, '2022-01-05'),
  (6, '2022-01-06'),
  (7, '2022-01-07'),
  (8, '2022-01-08'),
  (9, '2022-01-09'),
  (10, '2022-01-10'),
  (11, '2022-01-11'),
  (12, '2022-01-12'),
  (13, '2022-01-13'),
  (14, '2022-01-14'),
  (15, '2022-01-15'),
  (16, '2022-01-16'),
  (17, '2022-01-17'),
  (18, '2022-01-18'),
  (19, '2022-01-19'),
  (20, '2022-01-20'),
  (21, '2022-01-21'),
  (22, '2022-01-22'),
  (23, '2022-01-23'),
  (24, '2022-01-24'),
  (25, '2022-01-25'),
  (26, '2022-01-26'),
  (27, '2022-01-27'),
  (28, '2022-01-28'),
  (29, '2022-01-29'),
  (30, '2022-01-30'),
  (31, '2022-01-31'),
  (32, '2022-02-01'),
  (33, '2022-02-02'),
  (34, '2022-02-03'),
  (35, '2022-02-04'),
  (36, '2022-02-05'),
  (37, '2022-02-06'),
  (38, '2022-02-07'),
  (39, '2022-02-08'),
  (40, '2022-02-09'),
  (41, '2022-02-10'),
  (42, '2022-02-11'),
  (43, '2022-02-12'),
  (44, '2022-02-13'),
  (45, '2022-02-14'),
  (46, '2022-02-15'),
  (47, '2022-02-16'),
  (48, '2022-02-17'),
  (49, '2022-02-18'),
  (50, '2022-02-19'),
  (51, '2022-02-20'),
  (52, '2022-02-21'),
  (53, '2022-02-22'),
  (54, '2022-02-23'),
  (55, '2022-02-24'),
  (56, '2022-02-25'),
  (57, '2022-02-26'),
  (58, '2022-02-27'),
  (59, '2022-02-28'),
  (60, '2022-03-01'),
  (61, '2022-03-02'),
  (62, '2022-03-03'),
  (63, '2022-03-04'),
  (64, '2022-03-05'),
  (65, '2022-03-06'),
  (66, '2022-03-07'),
  (67, '2022-03-08'),
  (68, '2022-03-09'),
  (69, '2022-03-10'),
  (70, '2022-03-11'),
  (71, '2022-03-12'),
  (72, '2022-03-13'),
  (73, '2022-03-14'),
  (74, '2022-03-15'),
  (75, '2022-03-16'),
  (76, '2022-03-17'),
  (77, '2022-03-18'),
  (78, '2022-03-19'),
  (79, '2022-03-20'),
  (80, '2022-03-21'),
  (81, '2022-03-22'),
  (82, '2022-03-23'),
  (83, '2022-03-24'),
  (84, '2022-03-25'),
  (85, '2022-03-26'),
  (86, '2022-03-27'),
  (87, '2022-03-28'),
  (88, '2022-03-29'),
  (89, '2022-03-30'),
  (90, '2022-03-31'),
  (91, '2022-04-01'),
  (92, '2022-04-02'),
  (93, '2022-04-03'),
  (94, '2022-04-04'),
  (95, '2022-04-05'),
  (96, '2022-04-06'),
  (97, '2022-04-07'),
  (98, '2022-04-08'),
  (99, '2022-04-09'),
  (100, '2022-04-10'),
  (101, '2022-04-11'),
  (102, '2022-04-12'),
  (103, '2022-04-13'),
  (104, '2022-04-14'),
  (105, '2022-04-15'),
  (106, '2022-04-16'),
  (107, '2022-04-17'),
  (108, '2022-04-18'),
  (109, '2022-04-19'),
  (110, '2022-04-20'),
  (111, '2022-04-21'),
  (112, '2022-04-22'),
  (113, '2022-04-23'),
  (114, '2022-04-24'),
  (115, '2022-04-25'),
  (116, '2022-04-26'),
  (117, '2022-04-27'),
  (118, '2022-04-28'),
  (119, '2022-04-29'),
  (120, '2022-04-30'),
  (121, '2022-05-01'),
  (122, '2022-05-02'),
  (123, '2022-05-03'),
  (124, '2022-05-04'),
  (125, '2022-05-05'),
  (126, '2022-05-06'),
  (127, '2022-05-07'),
  (128, '2022-05-08'),
  (129, '2022-05-09'),
  (130, '2022-05-10'),
  (131, '2022-05-11'),
  (132, '2022-05-12'),
  (133, '2022-05-13'),
  (134, '2022-05-14'),
  (135, '2022-05-15'),
  (136, '2022-05-16'),
  (137, '2022-05-17'),
  (138, '2022-05-18'),
  (139, '2022-05-19'),
  (140, '2022-05-20'),
  (141, '2022-05-21'),
  (142, '2022-05-22'),
  (143, '2022-05-23'),
  (144, '2022-05-24'),
  (145, '2022-05-25'),
  (146, '2022-05-26'),
  (147, '2022-05-27'),
  (148, '2022-05-28'),
  (149, '2022-05-29'),
  (150, '2022-05-30'),
  (151, '2022-05-31'),
  (152, '2022-06-01'),
  (153, '2022-06-02'),
  (154, '2022-06-03'),
  (155, '2022-06-04'),
  (156, '2022-06-05'),
  (157, '2022-06-06'),
  (158, '2022-06-07'),
  (159, '2022-06-08'),
  (160, '2022-06-09'),
  (161, '2022-06-10'),
  (162, '2022-06-11'),
  (163, '2022-06-12'),
  (164, '2022-06-13'),
  (165, '2022-06-14'),
  (166, '2022-06-15'),
  (167, '2022-06-16'),
  (168, '2022-06-17'),
  (169, '2022-06-18'),
  (170, '2022-06-19'),
  (171, '2022-06-20'),
  (172, '2022-06-21'),
  (173, '2022-06-22'),
  (174, '2022-06-23'),
  (175, '2022-06-24'),
  (176, '2022-06-25'),
  (177, '2022-06-26'),
  (178, '2022-06-27'),
  (179, '2022-06-28'),
  (180, '2022-06-29'),
  (181, '2022-06-30'),
  (182, '2022-07-01'),
  (183, '2022-07-02'),
  (184, '2022-07-03'),
  (185, '2022-07-04'),
  (186, '2022-07-05'),
  (187, '2022-07-06'),
  (188, '2022-07-07'),
  (189, '2022-07-08'),
  (190, '2022-07-09'),
  (191, '2022-07-10'),
  (192, '2022-07-11'),
  (193, '2022-07-12'),
  (194, '2022-07-13'),
  (195, '2022-07-14'),
  (196, '2022-07-15'),
  (197, '2022-07-16'),
  (198, '2022-07-17'),
  (199, '2022-07-18'),
  (200, '2022-07-19'),
  (201, '2022-07-20'),
  (202, '2022-07-21'),
  (203, '2022-07-22'),
  (204, '2022-07-23'),
  (205, '2022-07-24'),
  (206, '2022-07-25'),
  (207, '2022-07-26'),
  (208, '2022-07-27'),
  (209, '2022-07-28'),
  (210, '2022-07-29'),
  (211, '2022-07-30'),
  (212, '2022-07-31'),
  (213, '2022-08-01'),
  (214, '2022-08-02'),
  (215, '2022-08-03'),
  (216, '2022-08-04'),
  (217, '2022-08-05'),
  (218, '2022-08-06'),
  (219, '2022-08-07'),
  (220, '2022-08-08'),
  (221, '2022-08-09'),
  (222, '2022-08-10'),
  (223, '2022-08-11'),
  (224, '2022-08-12'),
  (225, '2022-08-13'),
  (226, '2022-08-14'),
  (227, '2022-08-15'),
  (228, '2022-08-16'),
  (229, '2022-08-17'),
  (230, '2022-08-18'),
  (231, '2022-08-19'),
  (232, '2022-08-20'),
  (233, '2022-08-21'),
  (234, '2022-08-22'),
  (235, '2022-08-23'),
  (236, '2022-08-24'),
  (237, '2022-08-25'),
  (238, '2022-08-26'),
  (239, '2022-08-27'),
  (240, '2022-08-28'),
  (241, '2022-08-29'),
  (242, '2022-08-30'),
  (243, '2022-08-31'),
  (244, '2022-09-01'),
  (245, '2022-09-02'),
  (246, '2022-09-03'),
  (247, '2022-09-04'),
  (248, '2022-09-05'),
  (249, '2022-09-06'),
  (250, '2022-09-07'),
  (251, '2022-09-08'),
  (252, '2022-09-09'),
  (253, '2022-09-10'),
  (254, '2022-09-11'),
  (255, '2022-09-12'),
  (256, '2022-09-13'),
  (257, '2022-09-14'),
  (258, '2022-09-15'),
  (259, '2022-09-16'),
  (260, '2022-09-17'),
  (261, '2022-09-18'),
  (262, '2022-09-19'),
  (263, '2022-09-20'),
  (264, '2022-09-21'),
  (265, '2022-09-22'),
  (266, '2022-09-23'),
  (267, '2022-09-24'),
  (268, '2022-09-25'),
  (269, '2022-09-26'),
  (270, '2022-09-27'),
  (271, '2022-09-28'),
  (272, '2022-09-29'),
  (273, '2022-09-30'),
  (274, '2022-10-01'),
  (275, '2022-10-02'),
  (276, '2022-10-03'),
  (277, '2022-10-04'),
  (278, '2022-10-05'),
  (279, '2022-10-06'),
  (280, '2022-10-07'),
  (281, '2022-10-08'),
  (282, '2022-10-09'),
  (283, '2022-10-10'),
  (284, '2022-10-11'),
  (285, '2022-10-12'),
  (286, '2022-10-13'),
  (287, '2022-10-14'),
  (288, '2022-10-15'),
  (289, '2022-10-16'),
  (290, '2022-10-17'),
  (291, '2022-10-18'),
  (292, '2022-10-19'),
  (293, '2022-10-20'),
  (294, '2022-10-21'),
  (295, '2022-10-22'),
  (296, '2022-10-23'),
  (297, '2022-10-24'),
  (298, '2022-10-25'),
  (299, '2022-10-26'),
  (300, '2022-10-27'),
  (301, '2022-10-28'),
  (302, '2022-10-29'),
  (303, '2022-10-30'),
  (304, '2022-10-31'),
  (305, '2022-11-01'),
  (306, '2022-11-02'),
  (307, '2022-11-03'),
  (308, '2022-11-04'),
  (309, '2022-11-05'),
  (310, '2022-11-06'),
  (311, '2022-11-07'),
  (312, '2022-11-08'),
  (313, '2022-11-09'),
  (314, '2022-11-10'),
  (315, '2022-11-11'),
  (316, '2022-11-12'),
  (317, '2022-11-13'),
  (318, '2022-11-14'),
  (319, '2022-11-15'),
  (320, '2022-11-16'),
  (321, '2022-11-17'),
  (322, '2022-11-18'),
  (323, '2022-11-19'),
  (324, '2022-11-20'),
  (325, '2022-11-21'),
  (326, '2022-11-22'),
  (327, '2022-11-23'),
  (328, '2022-11-24'),
  (329, '2022-11-25'),
  (330, '2022-11-26'),
  (331, '2022-11-27'),
  (332, '2022-11-28'),
  (333, '2022-11-29'),
  (334, '2022-11-30'),
  (335, '2022-12-01'),
  (336, '2022-12-02'),
  (337, '2022-12-03'),
  (338, '2022-12-04'),
  (339, '2022-12-05'),
  (340, '2022-12-06'),
  (341, '2022-12-07'),
  (342, '2022-12-08'),
  (343, '2022-12-09'),
  (344, '2022-12-10'),
  (345, '2022-12-11'),
  (346, '2022-12-12'),
  (347, '2022-12-13'),
  (348, '2022-12-14'),
  (349, '2022-12-15'),
  (350, '2022-12-16'),
  (351, '2022-12-17'),
  (352, '2022-12-18'),
  (353, '2022-12-19'),
  (354, '2022-12-20'),
  (355, '2022-12-21'),
  (356, '2022-12-22'),
  (357, '2022-12-23'),
  (358, '2022-12-24'),
  (359, '2022-12-25'),
  (360, '2022-12-26'),
  (361, '2022-12-27'),
  (362, '2022-12-28'),
  (363, '2022-12-29'),
  (364, '2022-12-30'),
  (365, '2022-12-31');

TRUNCATE TABLE "shift" RESTART IDENTITY;
INSERT INTO
  "shift" (id, label, team_id)
VALUES
(1,'M',2,1),
(2,'AM',2,2),
(3,'AM',2,3),
(4,'N',2,4),
(5,'N',2,5),
(6,'',2,6),
(7,'',2,7),
(8,'',2,8),
(9,'M',2,9),
(10,'M',2,10),
(11,'AM',2,11),
(12,'AM',2,12),
(13,'N',2,13),
(14,'N',2,14),
(15,'',2,15),
(16,'',2,16),
(17,'',2,17),
(18,'M',2,18),
(19,'M',2,19),
(20,'AM',2,20),
(21,'AM',2,21),
(22,'N',2,22),
(23,'',2,23),
(24,'',2,24),
(25,'',2,25),
(26,'',2,26),
(27,'M',2,27),
(28,'M',2,28),
(29,'AM',2,29),
(30,'N',2,30),
(31,'N',2,31),
(32,'',2,32),
(33,'',2,33),
(34,'',2,34),
(35,'',2,35),
(36,'M',2,36),
(37,'AM',2,37),
(38,'AM',2,38),
(39,'N',2,39),
(40,'N',2,40),
(41,'',2,41),
(42,'',2,42),
(43,'',2,43),
(44,'M',2,44),
(45,'M',2,45),
(46,'AM',2,46),
(47,'AM',2,47),
(48,'N',2,48),
(49,'N',2,49),
(50,'',2,50),
(51,'',2,51),
(52,'',2,52),
(53,'M',2,53),
(54,'M',2,54),
(55,'AM',2,55),
(56,'AM',2,56),
(57,'N',2,57),
(58,'',2,58),
(59,'',2,59),
(60,'',2,60),
(61,'',2,61),
(62,'M',2,62),
(63,'M',2,63),
(64,'AM',2,64),
(65,'N',2,65),
(66,'N',2,66),
(67,'',2,67),
(68,'',2,68),
(69,'',2,69),
(70,'',2,70),
(71,'M',2,71),
(72,'AM',2,72),
(73,'AM',2,73),
(74,'N',2,74),
(75,'N',2,75),
(76,'',2,76),
(77,'',2,77),
(78,'',2,78),
(79,'M',2,79),
(80,'M',2,80),
(81,'AM',2,81),
(82,'AM',2,82),
(83,'N',2,83),
(84,'N',2,84),
(85,'',2,85),
(86,'',2,86),
(87,'',2,87),
(88,'M',2,88),
(89,'M',2,89),
(90,'AM',2,90),
(91,'AM',2,91),
(92,'N',2,92),
(93,'',2,93),
(94,'',2,94),
(95,'',2,95),
(96,'',2,96),
(97,'M',2,97),
(98,'M',2,98),
(99,'AM',2,99),
(100,'N',2,100),
(101,'N',2,101),
(102,'',2,102),
(103,'',2,103),
(104,'',2,104),
(105,'',2,105),
(106,'M',2,106),
(107,'AM',2,107),
(108,'AM',2,108),
(109,'N',2,109),
(110,'N',2,110),
(111,'',2,111),
(112,'',2,112),
(113,'',2,113),
(114,'M',2,114),
(115,'M',2,115),
(116,'AM',2,116),
(117,'AM',2,117),
(118,'N',2,118),
(119,'N',2,119),
(120,'',2,120),
(121,'',2,121),
(122,'',2,122),
(123,'M',2,123),
(124,'M',2,124),
(125,'AM',2,125),
(126,'AM',2,126),
(127,'N',2,127),
(128,'',2,128),
(129,'',2,129),
(130,'',2,130),
(131,'',2,131),
(132,'M',2,132),
(133,'M',2,133),
(134,'AM',2,134),
(135,'N',2,135),
(136,'N',2,136),
(137,'',2,137),
(138,'',2,138),
(139,'',2,139),
(140,'',2,140),
(141,'M',2,141),
(142,'AM',2,142),
(143,'AM',2,143),
(144,'N',2,144),
(145,'N',2,145),
(146,'',2,146),
(147,'',2,147),
(148,'',2,148),
(149,'M',2,149),
(150,'M',2,150),
(151,'AM',2,151),
(152,'AM',2,152),
(153,'N',2,153),
(154,'N',2,154),
(155,'',2,155),
(156,'',2,156),
(157,'',2,157),
(158,'M',2,158),
(159,'M',2,159),
(160,'AM',2,160),
(161,'AM',2,161),
(162,'N',2,162),
(163,'',2,163),
(164,'',2,164),
(165,'',2,165),
(166,'',2,166),
(167,'M',2,167),
(168,'M',2,168),
(169,'AM',2,169),
(170,'N',2,170),
(171,'N',2,171),
(172,'',2,172),
(173,'',2,173),
(174,'',2,174),
(175,'',2,175),
(176,'M',2,176),
(177,'AM',2,177),
(178,'AM',2,178),
(179,'N',2,179),
(180,'N',2,180),
(181,'',2,181),
(182,'',2,182),
(183,'',2,183),
(184,'M',2,184),
(185,'M',2,185),
(186,'AM',2,186),
(187,'AM',2,187),
(188,'N',2,188),
(189,'N',2,189),
(190,'',2,190),
(191,'',2,191),
(192,'',2,192),
(193,'M',2,193),
(194,'M',2,194),
(195,'AM',2,195),
(196,'AM',2,196),
(197,'N',2,197),
(198,'',2,198),
(199,'',2,199),
(200,'',2,200),
(201,'',2,201),
(202,'M',2,202),
(203,'M',2,203),
(204,'AM',2,204),
(205,'N',2,205),
(206,'N',2,206),
(207,'',2,207),
(208,'',2,208),
(209,'',2,209),
(210,'',2,210),
(211,'M',2,211),
(212,'AM',2,212),
(213,'AM',2,213),
(214,'N',2,214),
(215,'N',2,215),
(216,'',2,216),
(217,'',2,217),
(218,'',2,218),
(219,'M',2,219),
(220,'M',2,220),
(221,'AM',2,221),
(222,'AM',2,222),
(223,'N',2,223),
(224,'N',2,224),
(225,'',2,225),
(226,'',2,226),
(227,'',2,227),
(228,'M',2,228),
(229,'M',2,229),
(230,'AM',2,230),
(231,'AM',2,231),
(232,'N',2,232),
(233,'',2,233),
(234,'',2,234),
(235,'',2,235),
(236,'',2,236),
(237,'M',2,237),
(238,'M',2,238),
(239,'AM',2,239),
(240,'N',2,240),
(241,'N',2,241),
(242,'',2,242),
(243,'',2,243),
(244,'',2,244),
(245,'',2,245),
(246,'M',2,246),
(247,'AM',2,247),
(248,'AM',2,248),
(249,'N',2,249),
(250,'N',2,250),
(251,'',2,251),
(252,'',2,252),
(253,'',2,253),
(254,'M',2,254),
(255,'M',2,255),
(256,'AM',2,256),
(257,'AM',2,257),
(258,'N',2,258),
(259,'N',2,259),
(260,'',2,260),
(261,'',2,261),
(262,'',2,262),
(263,'M',2,263),
(264,'M',2,264),
(265,'AM',2,265),
(266,'AM',2,266),
(267,'N',2,267),
(268,'',2,268),
(269,'',2,269),
(270,'',2,270),
(271,'',2,271),
(272,'M',2,272),
(273,'M',2,273),
(274,'AM',2,274),
(275,'N',2,275),
(276,'N',2,276),
(277,'',2,277),
(278,'',2,278),
(279,'',2,279),
(280,'',2,280),
(281,'M',2,281),
(282,'AM',2,282),
(283,'AM',2,283),
(284,'N',2,284),
(285,'N',2,285),
(286,'',2,286),
(287,'',2,287),
(288,'',2,288),
(289,'M',2,289),
(290,'M',2,290),
(291,'AM',2,291),
(292,'AM',2,292),
(293,'N',2,293),
(294,'N',2,294),
(295,'',2,295),
(296,'',2,296),
(297,'',2,297),
(298,'M',2,298),
(299,'M',2,299),
(300,'AM',2,300),
(301,'AM',2,301),
(302,'N',2,302),
(303,'',2,303),
(304,'',2,304),
(305,'',2,305),
(306,'',2,306),
(307,'M',2,307),
(308,'M',2,308),
(309,'AM',2,309),
(310,'N',2,310),
(311,'N',2,311),
(312,'',2,312),
(313,'',2,313),
(314,'',2,314),
(315,'',2,315),
(316,'M',2,316),
(317,'AM',2,317),
(318,'AM',2,318),
(319,'N',2,319),
(320,'N',2,320),
(321,'',2,321),
(322,'',2,322),
(323,'',2,323),
(324,'M',2,324),
(325,'M',2,325),
(326,'AM',2,326),
(327,'AM',2,327),
(328,'N',2,328),
(329,'N',2,329),
(330,'',2,330),
(331,'',2,331),
(332,'',2,332),
(333,'M',2,333),
(334,'M',2,334),
(335,'AM',2,335),
(336,'AM',2,336),
(337,'N',2,337),
(338,'',2,338),
(339,'',2,339),
(340,'',2,340),
(341,'',2,341),
(342,'M',2,342),
(343,'M',2,343),
(344,'AM',2,344),
(345,'N',2,345),
(346,'N',2,346),
(347,'',2,347),
(348,'',2,348),
(349,'',2,349),
(350,'',2,350),
(351,'M',2,351),
(352,'AM',2,352),
(353,'AM',2,353),
(354,'N',2,354),
(355,'N',2,355),
(356,'',2,356),
(357,'',2,357),
(358,'',2,358),
(359,'M',2,359),
(360,'M',2,360),
(361,'AM',2,361),
(362,'AM',2,362),
(363,'N',2,363),
(364,'N',2,364),
(365,'',2,365),
(366,'AM',3,1),
(367,'N',3,2),
(368,'N',3,3),
(369,'',3,4),
(370,'',3,5),
(371,'',3,6),
(372,'',3,7),
(373,'M',3,8),
(374,'AM',3,9),
(375,'AM',3,10),
(376,'N',3,11),
(377,'N',3,12),
(378,'',3,13),
(379,'',3,14),
(380,'',3,15),
(381,'M',3,16),
(382,'M',3,17),
(383,'AM',3,18),
(384,'AM',3,19),
(385,'N',3,20),
(386,'N',3,21),
(387,'',3,22),
(388,'',3,23),
(389,'',3,24),
(390,'M',3,25),
(391,'M',3,26),
(392,'AM',3,27),
(393,'AM',3,28),
(394,'N',3,29),
(395,'',3,30),
(396,'',3,31),
(397,'',3,32),
(398,'',3,33),
(399,'M',3,34),
(400,'M',3,35),
(401,'AM',3,36),
(402,'N',3,37),
(403,'N',3,38),
(404,'',3,39),
(405,'',3,40),
(406,'',3,41),
(407,'',3,42),
(408,'M',3,43),
(409,'AM',3,44),
(410,'AM',3,45),
(411,'N',3,46),
(412,'N',3,47),
(413,'',3,48),
(414,'',3,49),
(415,'',3,50),
(416,'M',3,51),
(417,'M',3,52),
(418,'AM',3,53),
(419,'AM',3,54),
(420,'N',3,55),
(421,'N',3,56),
(422,'',3,57),
(423,'',3,58),
(424,'',3,59),
(425,'M',3,60),
(426,'M',3,61),
(427,'AM',3,62),
(428,'AM',3,63),
(429,'N',3,64),
(430,'',3,65),
(431,'',3,66),
(432,'',3,67),
(433,'',3,68),
(434,'M',3,69),
(435,'M',3,70),
(436,'AM',3,71),
(437,'N',3,72),
(438,'N',3,73),
(439,'',3,74),
(440,'',3,75),
(441,'',3,76),
(442,'',3,77),
(443,'M',3,78),
(444,'AM',3,79),
(445,'AM',3,80),
(446,'N',3,81),
(447,'N',3,82),
(448,'',3,83),
(449,'',3,84),
(450,'',3,85),
(451,'M',3,86),
(452,'M',3,87),
(453,'AM',3,88),
(454,'AM',3,89),
(455,'N',3,90),
(456,'N',3,91),
(457,'',3,92),
(458,'',3,93),
(459,'',3,94),
(460,'M',3,95),
(461,'M',3,96),
(462,'AM',3,97),
(463,'AM',3,98),
(464,'N',3,99),
(465,'',3,100),
(466,'',3,101),
(467,'',3,102),
(468,'',3,103),
(469,'M',3,104),
(470,'M',3,105),
(471,'AM',3,106),
(472,'N',3,107),
(473,'N',3,108),
(474,'',3,109),
(475,'',3,110),
(476,'',3,111),
(477,'',3,112),
(478,'M',3,113),
(479,'AM',3,114),
(480,'AM',3,115),
(481,'N',3,116),
(482,'N',3,117),
(483,'',3,118),
(484,'',3,119),
(485,'',3,120),
(486,'M',3,121),
(487,'M',3,122),
(488,'AM',3,123),
(489,'AM',3,124),
(490,'N',3,125),
(491,'N',3,126),
(492,'',3,127),
(493,'',3,128),
(494,'',3,129),
(495,'M',3,130),
(496,'M',3,131),
(497,'AM',3,132),
(498,'AM',3,133),
(499,'N',3,134),
(500,'',3,135),
(501,'',3,136),
(502,'',3,137),
(503,'',3,138),
(504,'M',3,139),
(505,'M',3,140),
(506,'AM',3,141),
(507,'N',3,142),
(508,'N',3,143),
(509,'',3,144),
(510,'',3,145),
(511,'',3,146),
(512,'',3,147),
(513,'M',3,148),
(514,'AM',3,149),
(515,'AM',3,150),
(516,'N',3,151),
(517,'N',3,152),
(518,'',3,153),
(519,'',3,154),
(520,'',3,155),
(521,'M',3,156),
(522,'M',3,157),
(523,'AM',3,158),
(524,'AM',3,159),
(525,'N',3,160),
(526,'N',3,161),
(527,'',3,162),
(528,'',3,163),
(529,'',3,164),
(530,'M',3,165),
(531,'M',3,166),
(532,'AM',3,167),
(533,'AM',3,168),
(534,'N',3,169),
(535,'',3,170),
(536,'',3,171),
(537,'',3,172),
(538,'',3,173),
(539,'M',3,174),
(540,'M',3,175),
(541,'AM',3,176),
(542,'N',3,177),
(543,'N',3,178),
(544,'',3,179),
(545,'',3,180),
(546,'',3,181),
(547,'',3,182),
(548,'M',3,183),
(549,'AM',3,184),
(550,'AM',3,185),
(551,'N',3,186),
(552,'N',3,187),
(553,'',3,188),
(554,'',3,189),
(555,'',3,190),
(556,'M',3,191),
(557,'M',3,192),
(558,'AM',3,193),
(559,'AM',3,194),
(560,'N',3,195),
(561,'N',3,196),
(562,'',3,197),
(563,'',3,198),
(564,'',3,199),
(565,'M',3,200),
(566,'M',3,201),
(567,'AM',3,202),
(568,'AM',3,203),
(569,'N',3,204),
(570,'',3,205),
(571,'',3,206),
(572,'',3,207),
(573,'',3,208),
(574,'M',3,209),
(575,'M',3,210),
(576,'AM',3,211),
(577,'N',3,212),
(578,'N',3,213),
(579,'',3,214),
(580,'',3,215),
(581,'',3,216),
(582,'',3,217),
(583,'M',3,218),
(584,'AM',3,219),
(585,'AM',3,220),
(586,'N',3,221),
(587,'N',3,222),
(588,'',3,223),
(589,'',3,224),
(590,'',3,225),
(591,'M',3,226),
(592,'M',3,227),
(593,'AM',3,228),
(594,'AM',3,229),
(595,'N',3,230),
(596,'N',3,231),
(597,'',3,232),
(598,'',3,233),
(599,'',3,234),
(600,'M',3,235),
(601,'M',3,236),
(602,'AM',3,237),
(603,'AM',3,238),
(604,'N',3,239),
(605,'',3,240),
(606,'',3,241),
(607,'',3,242),
(608,'',3,243),
(609,'M',3,244),
(610,'M',3,245),
(611,'AM',3,246),
(612,'N',3,247),
(613,'N',3,248),
(614,'',3,249),
(615,'',3,250),
(616,'',3,251),
(617,'',3,252),
(618,'M',3,253),
(619,'AM',3,254),
(620,'AM',3,255),
(621,'N',3,256),
(622,'N',3,257),
(623,'',3,258),
(624,'',3,259),
(625,'',3,260),
(626,'M',3,261),
(627,'M',3,262),
(628,'AM',3,263),
(629,'AM',3,264),
(630,'N',3,265),
(631,'N',3,266),
(632,'',3,267),
(633,'',3,268),
(634,'',3,269),
(635,'M',3,270),
(636,'M',3,271),
(637,'AM',3,272),
(638,'AM',3,273),
(639,'N',3,274),
(640,'',3,275),
(641,'',3,276),
(642,'',3,277),
(643,'',3,278),
(644,'M',3,279),
(645,'M',3,280),
(646,'AM',3,281),
(647,'N',3,282),
(648,'N',3,283),
(649,'',3,284),
(650,'',3,285),
(651,'',3,286),
(652,'',3,287),
(653,'M',3,288),
(654,'AM',3,289),
(655,'AM',3,290),
(656,'N',3,291),
(657,'N',3,292),
(658,'',3,293),
(659,'',3,294),
(660,'',3,295),
(661,'M',3,296),
(662,'M',3,297),
(663,'AM',3,298),
(664,'AM',3,299),
(665,'N',3,300),
(666,'N',3,301),
(667,'',3,302),
(668,'',3,303),
(669,'',3,304),
(670,'M',3,305),
(671,'M',3,306),
(672,'AM',3,307),
(673,'AM',3,308),
(674,'N',3,309),
(675,'',3,310),
(676,'',3,311),
(677,'',3,312),
(678,'',3,313),
(679,'M',3,314),
(680,'M',3,315),
(681,'AM',3,316),
(682,'N',3,317),
(683,'N',3,318),
(684,'',3,319),
(685,'',3,320),
(686,'',3,321),
(687,'',3,322),
(688,'M',3,323),
(689,'AM',3,324),
(690,'AM',3,325),
(691,'N',3,326),
(692,'N',3,327),
(693,'',3,328),
(694,'',3,329),
(695,'',3,330),
(696,'M',3,331),
(697,'M',3,332),
(698,'AM',3,333),
(699,'AM',3,334),
(700,'N',3,335),
(701,'N',3,336),
(702,'',3,337),
(703,'',3,338),
(704,'',3,339),
(705,'M',3,340),
(706,'M',3,341),
(707,'AM',3,342),
(708,'AM',3,343),
(709,'N',3,344),
(710,'',3,345),
(711,'',3,346),
(712,'',3,347),
(713,'',3,348),
(714,'M',3,349),
(715,'M',3,350),
(716,'AM',3,351),
(717,'N',3,352),
(718,'N',3,353),
(719,'',3,354),
(720,'',3,355),
(721,'',3,356),
(722,'',3,357),
(723,'M',3,358),
(724,'AM',3,359),
(725,'AM',3,360),
(726,'N',3,361),
(727,'N',3,362),
(728,'',3,363),
(729,'',3,364),
(730,'',3,365),
(731,'N',4,1),
(732,'',4,2),
(733,'',4,3),
(734,'',4,4),
(735,'',4,5),
(736,'M',4,6),
(737,'M',4,7),
(738,'AM',4,8),
(739,'N',4,9),
(740,'N',4,10),
(741,'',4,11),
(742,'',4,12),
(743,'',4,13),
(744,'',4,14),
(745,'M',4,15),
(746,'AM',4,16),
(747,'AM',4,17),
(748,'N',4,18),
(749,'N',4,19),
(750,'',4,20),
(751,'',4,21),
(752,'',4,22),
(753,'M',4,23),
(754,'M',4,24),
(755,'AM',4,25),
(756,'AM',4,26),
(757,'N',4,27),
(758,'N',4,28),
(759,'',4,29),
(760,'',4,30),
(761,'',4,31),
(762,'M',4,32),
(763,'M',4,33),
(764,'AM',4,34),
(765,'AM',4,35),
(766,'N',4,36),
(767,'',4,37),
(768,'',4,38),
(769,'',4,39),
(770,'',4,40),
(771,'M',4,41),
(772,'M',4,42),
(773,'AM',4,43),
(774,'N',4,44),
(775,'N',4,45),
(776,'',4,46),
(777,'',4,47),
(778,'',4,48),
(779,'',4,49),
(780,'M',4,50),
(781,'AM',4,51),
(782,'AM',4,52),
(783,'N',4,53),
(784,'N',4,54),
(785,'',4,55),
(786,'',4,56),
(787,'',4,57),
(788,'M',4,58),
(789,'M',4,59),
(790,'AM',4,60),
(791,'AM',4,61),
(792,'N',4,62),
(793,'N',4,63),
(794,'',4,64),
(795,'',4,65),
(796,'',4,66),
(797,'M',4,67),
(798,'M',4,68),
(799,'AM',4,69),
(800,'AM',4,70),
(801,'N',4,71),
(802,'',4,72),
(803,'',4,73),
(804,'',4,74),
(805,'',4,75),
(806,'M',4,76),
(807,'M',4,77),
(808,'AM',4,78),
(809,'N',4,79),
(810,'N',4,80),
(811,'',4,81),
(812,'',4,82),
(813,'',4,83),
(814,'',4,84),
(815,'M',4,85),
(816,'AM',4,86),
(817,'AM',4,87),
(818,'N',4,88),
(819,'N',4,89),
(820,'',4,90),
(821,'',4,91),
(822,'',4,92),
(823,'M',4,93),
(824,'M',4,94),
(825,'AM',4,95),
(826,'AM',4,96),
(827,'N',4,97),
(828,'N',4,98),
(829,'',4,99),
(830,'',4,100),
(831,'',4,101),
(832,'M',4,102),
(833,'M',4,103),
(834,'AM',4,104),
(835,'AM',4,105),
(836,'N',4,106),
(837,'',4,107),
(838,'',4,108),
(839,'',4,109),
(840,'',4,110),
(841,'M',4,111),
(842,'M',4,112),
(843,'AM',4,113),
(844,'N',4,114),
(845,'N',4,115),
(846,'',4,116),
(847,'',4,117),
(848,'',4,118),
(849,'',4,119),
(850,'M',4,120),
(851,'AM',4,121),
(852,'AM',4,122),
(853,'N',4,123),
(854,'N',4,124),
(855,'',4,125),
(856,'',4,126),
(857,'',4,127),
(858,'M',4,128),
(859,'M',4,129),
(860,'AM',4,130),
(861,'AM',4,131),
(862,'N',4,132),
(863,'N',4,133),
(864,'',4,134),
(865,'',4,135),
(866,'',4,136),
(867,'M',4,137),
(868,'M',4,138),
(869,'AM',4,139),
(870,'AM',4,140),
(871,'N',4,141),
(872,'',4,142),
(873,'',4,143),
(874,'',4,144),
(875,'',4,145),
(876,'M',4,146),
(877,'M',4,147),
(878,'AM',4,148),
(879,'N',4,149),
(880,'N',4,150),
(881,'',4,151),
(882,'',4,152),
(883,'',4,153),
(884,'',4,154),
(885,'M',4,155),
(886,'AM',4,156),
(887,'AM',4,157),
(888,'N',4,158),
(889,'N',4,159),
(890,'',4,160),
(891,'',4,161),
(892,'',4,162),
(893,'M',4,163),
(894,'M',4,164),
(895,'AM',4,165),
(896,'AM',4,166),
(897,'N',4,167),
(898,'N',4,168),
(899,'',4,169),
(900,'',4,170),
(901,'',4,171),
(902,'M',4,172),
(903,'M',4,173),
(904,'AM',4,174),
(905,'AM',4,175),
(906,'N',4,176),
(907,'',4,177),
(908,'',4,178),
(909,'',4,179),
(910,'',4,180),
(911,'M',4,181),
(912,'M',4,182),
(913,'AM',4,183),
(914,'N',4,184),
(915,'N',4,185),
(916,'',4,186),
(917,'',4,187),
(918,'',4,188),
(919,'',4,189),
(920,'M',4,190),
(921,'AM',4,191),
(922,'AM',4,192),
(923,'N',4,193),
(924,'N',4,194),
(925,'',4,195),
(926,'',4,196),
(927,'',4,197),
(928,'M',4,198),
(929,'M',4,199),
(930,'AM',4,200),
(931,'AM',4,201),
(932,'N',4,202),
(933,'N',4,203),
(934,'',4,204),
(935,'',4,205),
(936,'',4,206),
(937,'M',4,207),
(938,'M',4,208),
(939,'AM',4,209),
(940,'AM',4,210),
(941,'N',4,211),
(942,'',4,212),
(943,'',4,213),
(944,'',4,214),
(945,'',4,215),
(946,'M',4,216),
(947,'M',4,217),
(948,'AM',4,218),
(949,'N',4,219),
(950,'N',4,220),
(951,'',4,221),
(952,'',4,222),
(953,'',4,223),
(954,'',4,224),
(955,'M',4,225),
(956,'AM',4,226),
(957,'AM',4,227),
(958,'N',4,228),
(959,'N',4,229),
(960,'',4,230),
(961,'',4,231),
(962,'',4,232),
(963,'M',4,233),
(964,'M',4,234),
(965,'AM',4,235),
(966,'AM',4,236),
(967,'N',4,237),
(968,'N',4,238),
(969,'',4,239),
(970,'',4,240),
(971,'',4,241),
(972,'M',4,242),
(973,'M',4,243),
(974,'AM',4,244),
(975,'AM',4,245),
(976,'N',4,246),
(977,'',4,247),
(978,'',4,248),
(979,'',4,249),
(980,'',4,250),
(981,'M',4,251),
(982,'M',4,252),
(983,'AM',4,253),
(984,'N',4,254),
(985,'N',4,255),
(986,'',4,256),
(987,'',4,257),
(988,'',4,258),
(989,'',4,259),
(990,'M',4,260),
(991,'AM',4,261),
(992,'AM',4,262),
(993,'N',4,263),
(994,'N',4,264),
(995,'',4,265),
(996,'',4,266),
(997,'',4,267),
(998,'M',4,268),
(999,'M',4,269),
(1000,'AM',4,270),
(1001,'AM',4,271),
(1002,'N',4,272),
(1003,'N',4,273),
(1004,'',4,274),
(1005,'',4,275),
(1006,'',4,276),
(1007,'M',4,277),
(1008,'M',4,278),
(1009,'AM',4,279),
(1010,'AM',4,280),
(1011,'N',4,281),
(1012,'',4,282),
(1013,'',4,283),
(1014,'',4,284),
(1015,'',4,285),
(1016,'M',4,286),
(1017,'M',4,287),
(1018,'AM',4,288),
(1019,'N',4,289),
(1020,'N',4,290),
(1021,'',4,291),
(1022,'',4,292),
(1023,'',4,293),
(1024,'',4,294),
(1025,'M',4,295),
(1026,'AM',4,296),
(1027,'AM',4,297),
(1028,'N',4,298),
(1029,'N',4,299),
(1030,'',4,300),
(1031,'',4,301),
(1032,'',4,302),
(1033,'M',4,303),
(1034,'M',4,304),
(1035,'AM',4,305),
(1036,'AM',4,306),
(1037,'N',4,307),
(1038,'N',4,308),
(1039,'',4,309),
(1040,'',4,310),
(1041,'',4,311),
(1042,'M',4,312),
(1043,'M',4,313),
(1044,'AM',4,314),
(1045,'AM',4,315),
(1046,'N',4,316),
(1047,'',4,317),
(1048,'',4,318),
(1049,'',4,319),
(1050,'',4,320),
(1051,'M',4,321),
(1052,'M',4,322),
(1053,'AM',4,323),
(1054,'N',4,324),
(1055,'N',4,325),
(1056,'',4,326),
(1057,'',4,327),
(1058,'',4,328),
(1059,'',4,329),
(1060,'M',4,330),
(1061,'AM',4,331),
(1062,'AM',4,332),
(1063,'N',4,333),
(1064,'N',4,334),
(1065,'',4,335),
(1066,'',4,336),
(1067,'',4,337),
(1068,'M',4,338),
(1069,'M',4,339),
(1070,'AM',4,340),
(1071,'AM',4,341),
(1072,'N',4,342),
(1073,'N',4,343),
(1074,'',4,344),
(1075,'',4,345),
(1076,'',4,346),
(1077,'M',4,347),
(1078,'M',4,348),
(1079,'AM',4,349),
(1080,'AM',4,350),
(1081,'N',4,351),
(1082,'',4,352),
(1083,'',4,353),
(1084,'',4,354),
(1085,'',4,355),
(1086,'M',4,356),
(1087,'M',4,357),
(1088,'AM',4,358),
(1089,'N',4,359),
(1090,'N',4,360),
(1091,'',4,361),
(1092,'',4,362),
(1093,'',4,363),
(1094,'',4,364),
(1095,'M',4,365),
(1096,'',5,1),
(1097,'',5,2),
(1098,'',5,3),
(1099,'M',5,4),
(1100,'M',5,5),
(1101,'AM',5,6),
(1102,'AM',5,7),
(1103,'N',5,8),
(1104,'',5,9),
(1105,'',5,10),
(1106,'',5,11),
(1107,'',5,12),
(1108,'M',5,13),
(1109,'M',5,14),
(1110,'AM',5,15),
(1111,'N',5,16),
(1112,'N',5,17),
(1113,'',5,18),
(1114,'',5,19),
(1115,'',5,20),
(1116,'',5,21),
(1117,'M',5,22),
(1118,'AM',5,23),
(1119,'AM',5,24),
(1120,'N',5,25),
(1121,'N',5,26),
(1122,'',5,27),
(1123,'',5,28),
(1124,'',5,29),
(1125,'M',5,30),
(1126,'M',5,31),
(1127,'AM',5,32),
(1128,'AM',5,33),
(1129,'N',5,34),
(1130,'N',5,35),
(1131,'',5,36),
(1132,'',5,37),
(1133,'',5,38),
(1134,'M',5,39),
(1135,'M',5,40),
(1136,'AM',5,41),
(1137,'AM',5,42),
(1138,'N',5,43),
(1139,'',5,44),
(1140,'',5,45),
(1141,'',5,46),
(1142,'',5,47),
(1143,'M',5,48),
(1144,'M',5,49),
(1145,'AM',5,50),
(1146,'N',5,51),
(1147,'N',5,52),
(1148,'',5,53),
(1149,'',5,54),
(1150,'',5,55),
(1151,'',5,56),
(1152,'M',5,57),
(1153,'AM',5,58),
(1154,'AM',5,59),
(1155,'N',5,60),
(1156,'N',5,61),
(1157,'',5,62),
(1158,'',5,63),
(1159,'',5,64),
(1160,'M',5,65),
(1161,'M',5,66),
(1162,'AM',5,67),
(1163,'AM',5,68),
(1164,'N',5,69),
(1165,'N',5,70),
(1166,'',5,71),
(1167,'',5,72),
(1168,'',5,73),
(1169,'M',5,74),
(1170,'M',5,75),
(1171,'AM',5,76),
(1172,'AM',5,77),
(1173,'N',5,78),
(1174,'',5,79),
(1175,'',5,80),
(1176,'',5,81),
(1177,'',5,82),
(1178,'M',5,83),
(1179,'M',5,84),
(1180,'AM',5,85),
(1181,'N',5,86),
(1182,'N',5,87),
(1183,'',5,88),
(1184,'',5,89),
(1185,'',5,90),
(1186,'',5,91),
(1187,'M',5,92),
(1188,'AM',5,93),
(1189,'AM',5,94),
(1190,'N',5,95),
(1191,'N',5,96),
(1192,'',5,97),
(1193,'',5,98),
(1194,'',5,99),
(1195,'M',5,100),
(1196,'M',5,101),
(1197,'AM',5,102),
(1198,'AM',5,103),
(1199,'N',5,104),
(1200,'N',5,105),
(1201,'',5,106),
(1202,'',5,107),
(1203,'',5,108),
(1204,'M',5,109),
(1205,'M',5,110),
(1206,'AM',5,111),
(1207,'AM',5,112),
(1208,'N',5,113),
(1209,'',5,114),
(1210,'',5,115),
(1211,'',5,116),
(1212,'',5,117),
(1213,'M',5,118),
(1214,'M',5,119),
(1215,'AM',5,120),
(1216,'N',5,121),
(1217,'N',5,122),
(1218,'',5,123),
(1219,'',5,124),
(1220,'',5,125),
(1221,'',5,126),
(1222,'M',5,127),
(1223,'AM',5,128),
(1224,'AM',5,129),
(1225,'N',5,130),
(1226,'N',5,131),
(1227,'',5,132),
(1228,'',5,133),
(1229,'',5,134),
(1230,'M',5,135),
(1231,'M',5,136),
(1232,'AM',5,137),
(1233,'AM',5,138),
(1234,'N',5,139),
(1235,'N',5,140),
(1236,'',5,141),
(1237,'',5,142),
(1238,'',5,143),
(1239,'M',5,144),
(1240,'M',5,145),
(1241,'AM',5,146),
(1242,'AM',5,147),
(1243,'N',5,148),
(1244,'',5,149),
(1245,'',5,150),
(1246,'',5,151),
(1247,'',5,152),
(1248,'M',5,153),
(1249,'M',5,154),
(1250,'AM',5,155),
(1251,'N',5,156),
(1252,'N',5,157),
(1253,'',5,158),
(1254,'',5,159),
(1255,'',5,160),
(1256,'',5,161),
(1257,'M',5,162),
(1258,'AM',5,163),
(1259,'AM',5,164),
(1260,'N',5,165),
(1261,'N',5,166),
(1262,'',5,167),
(1263,'',5,168),
(1264,'',5,169),
(1265,'M',5,170),
(1266,'M',5,171),
(1267,'AM',5,172),
(1268,'AM',5,173),
(1269,'N',5,174),
(1270,'N',5,175),
(1271,'',5,176),
(1272,'',5,177),
(1273,'',5,178),
(1274,'M',5,179),
(1275,'M',5,180),
(1276,'AM',5,181),
(1277,'AM',5,182),
(1278,'N',5,183),
(1279,'',5,184),
(1280,'',5,185),
(1281,'',5,186),
(1282,'',5,187),
(1283,'M',5,188),
(1284,'M',5,189),
(1285,'AM',5,190),
(1286,'N',5,191),
(1287,'N',5,192),
(1288,'',5,193),
(1289,'',5,194),
(1290,'',5,195),
(1291,'',5,196),
(1292,'M',5,197),
(1293,'AM',5,198),
(1294,'AM',5,199),
(1295,'N',5,200),
(1296,'N',5,201),
(1297,'',5,202),
(1298,'',5,203),
(1299,'',5,204),
(1300,'M',5,205),
(1301,'M',5,206),
(1302,'AM',5,207),
(1303,'AM',5,208),
(1304,'N',5,209),
(1305,'N',5,210),
(1306,'',5,211),
(1307,'',5,212),
(1308,'',5,213),
(1309,'M',5,214),
(1310,'M',5,215),
(1311,'AM',5,216),
(1312,'AM',5,217),
(1313,'N',5,218),
(1314,'',5,219),
(1315,'',5,220),
(1316,'',5,221),
(1317,'',5,222),
(1318,'M',5,223),
(1319,'M',5,224),
(1320,'AM',5,225),
(1321,'N',5,226),
(1322,'N',5,227),
(1323,'',5,228),
(1324,'',5,229),
(1325,'',5,230),
(1326,'',5,231),
(1327,'M',5,232),
(1328,'AM',5,233),
(1329,'AM',5,234),
(1330,'N',5,235),
(1331,'N',5,236),
(1332,'',5,237),
(1333,'',5,238),
(1334,'',5,239),
(1335,'M',5,240),
(1336,'M',5,241),
(1337,'AM',5,242),
(1338,'AM',5,243),
(1339,'N',5,244),
(1340,'N',5,245),
(1341,'',5,246),
(1342,'',5,247),
(1343,'',5,248),
(1344,'M',5,249),
(1345,'M',5,250),
(1346,'AM',5,251),
(1347,'AM',5,252),
(1348,'N',5,253),
(1349,'',5,254),
(1350,'',5,255),
(1351,'',5,256),
(1352,'',5,257),
(1353,'M',5,258),
(1354,'M',5,259),
(1355,'AM',5,260),
(1356,'N',5,261),
(1357,'N',5,262),
(1358,'',5,263),
(1359,'',5,264),
(1360,'',5,265),
(1361,'',5,266),
(1362,'M',5,267),
(1363,'AM',5,268),
(1364,'AM',5,269),
(1365,'N',5,270),
(1366,'N',5,271),
(1367,'',5,272),
(1368,'',5,273),
(1369,'',5,274),
(1370,'M',5,275),
(1371,'M',5,276),
(1372,'AM',5,277),
(1373,'AM',5,278),
(1374,'N',5,279),
(1375,'N',5,280),
(1376,'',5,281),
(1377,'',5,282),
(1378,'',5,283),
(1379,'M',5,284),
(1380,'M',5,285),
(1381,'AM',5,286),
(1382,'AM',5,287),
(1383,'N',5,288),
(1384,'',5,289),
(1385,'',5,290),
(1386,'',5,291),
(1387,'',5,292),
(1388,'M',5,293),
(1389,'M',5,294),
(1390,'AM',5,295),
(1391,'N',5,296),
(1392,'N',5,297),
(1393,'',5,298),
(1394,'',5,299),
(1395,'',5,300),
(1396,'',5,301),
(1397,'M',5,302),
(1398,'AM',5,303),
(1399,'AM',5,304),
(1400,'N',5,305),
(1401,'N',5,306),
(1402,'',5,307),
(1403,'',5,308),
(1404,'',5,309),
(1405,'M',5,310),
(1406,'M',5,311),
(1407,'AM',5,312),
(1408,'AM',5,313),
(1409,'N',5,314),
(1410,'N',5,315),
(1411,'',5,316),
(1412,'',5,317),
(1413,'',5,318),
(1414,'M',5,319),
(1415,'M',5,320),
(1416,'AM',5,321),
(1417,'AM',5,322),
(1418,'N',5,323),
(1419,'',5,324),
(1420,'',5,325),
(1421,'',5,326),
(1422,'',5,327),
(1423,'M',5,328),
(1424,'M',5,329),
(1425,'AM',5,330),
(1426,'N',5,331),
(1427,'N',5,332),
(1428,'',5,333),
(1429,'',5,334),
(1430,'',5,335),
(1431,'',5,336),
(1432,'M',5,337),
(1433,'AM',5,338),
(1434,'AM',5,339),
(1435,'N',5,340),
(1436,'N',5,341),
(1437,'',5,342),
(1438,'',5,343),
(1439,'',5,344),
(1440,'M',5,345),
(1441,'M',5,346),
(1442,'AM',5,347),
(1443,'AM',5,348),
(1444,'N',5,349),
(1445,'N',5,350),
(1446,'',5,351),
(1447,'',5,352),
(1448,'',5,353),
(1449,'M',5,354),
(1450,'M',5,355),
(1451,'AM',5,356),
(1452,'AM',5,357),
(1453,'N',5,358),
(1454,'',5,359),
(1455,'',5,360),
(1456,'',5,361),
(1457,'',5,362),
(1458,'M',5,363),
(1459,'M',5,364),
(1460,'AM',5,365),
(1461,'',6,1),
(1462,'M',6,2),
(1463,'M',6,3),
(1464,'AM',6,4),
(1465,'AM',6,5),
(1466,'N',6,6),
(1467,'N',6,7),
(1468,'',6,8),
(1469,'',6,9),
(1470,'',6,10),
(1471,'M',6,11),
(1472,'M',6,12),
(1473,'AM',6,13),
(1474,'AM',6,14),
(1475,'N',6,15),
(1476,'',6,16),
(1477,'',6,17),
(1478,'',6,18),
(1479,'',6,19),
(1480,'M',6,20),
(1481,'M',6,21),
(1482,'AM',6,22),
(1483,'N',6,23),
(1484,'N',6,24),
(1485,'',6,25),
(1486,'',6,26),
(1487,'',6,27),
(1488,'',6,28),
(1489,'M',6,29),
(1490,'AM',6,30),
(1491,'AM',6,31),
(1492,'N',6,32),
(1493,'N',6,33),
(1494,'',6,34),
(1495,'',6,35),
(1496,'',6,36),
(1497,'M',6,37),
(1498,'M',6,38),
(1499,'AM',6,39),
(1500,'AM',6,40),
(1501,'N',6,41),
(1502,'N',6,42),
(1503,'',6,43),
(1504,'',6,44),
(1505,'',6,45),
(1506,'M',6,46),
(1507,'M',6,47),
(1508,'AM',6,48),
(1509,'AM',6,49),
(1510,'N',6,50),
(1511,'',6,51),
(1512,'',6,52),
(1513,'',6,53),
(1514,'',6,54),
(1515,'M',6,55),
(1516,'M',6,56),
(1517,'AM',6,57),
(1518,'N',6,58),
(1519,'N',6,59),
(1520,'',6,60),
(1521,'',6,61),
(1522,'',6,62),
(1523,'',6,63),
(1524,'M',6,64),
(1525,'AM',6,65),
(1526,'AM',6,66),
(1527,'N',6,67),
(1528,'N',6,68),
(1529,'',6,69),
(1530,'',6,70),
(1531,'',6,71),
(1532,'M',6,72),
(1533,'M',6,73),
(1534,'AM',6,74),
(1535,'AM',6,75),
(1536,'N',6,76),
(1537,'N',6,77),
(1538,'',6,78),
(1539,'',6,79),
(1540,'',6,80),
(1541,'M',6,81),
(1542,'M',6,82),
(1543,'AM',6,83),
(1544,'AM',6,84),
(1545,'N',6,85),
(1546,'',6,86),
(1547,'',6,87),
(1548,'',6,88),
(1549,'',6,89),
(1550,'M',6,90),
(1551,'M',6,91),
(1552,'AM',6,92),
(1553,'N',6,93),
(1554,'N',6,94),
(1555,'',6,95),
(1556,'',6,96),
(1557,'',6,97),
(1558,'',6,98),
(1559,'M',6,99),
(1560,'AM',6,100),
(1561,'AM',6,101),
(1562,'N',6,102),
(1563,'N',6,103),
(1564,'',6,104),
(1565,'',6,105),
(1566,'',6,106),
(1567,'M',6,107),
(1568,'M',6,108),
(1569,'AM',6,109),
(1570,'AM',6,110),
(1571,'N',6,111),
(1572,'N',6,112),
(1573,'',6,113),
(1574,'',6,114),
(1575,'',6,115),
(1576,'M',6,116),
(1577,'M',6,117),
(1578,'AM',6,118),
(1579,'AM',6,119),
(1580,'N',6,120),
(1581,'',6,121),
(1582,'',6,122),
(1583,'',6,123),
(1584,'',6,124),
(1585,'M',6,125),
(1586,'M',6,126),
(1587,'AM',6,127),
(1588,'N',6,128),
(1589,'N',6,129),
(1590,'',6,130),
(1591,'',6,131),
(1592,'',6,132),
(1593,'',6,133),
(1594,'M',6,134),
(1595,'AM',6,135),
(1596,'AM',6,136),
(1597,'N',6,137),
(1598,'N',6,138),
(1599,'',6,139),
(1600,'',6,140),
(1601,'',6,141),
(1602,'M',6,142),
(1603,'M',6,143),
(1604,'AM',6,144),
(1605,'AM',6,145),
(1606,'N',6,146),
(1607,'N',6,147),
(1608,'',6,148),
(1609,'',6,149),
(1610,'',6,150),
(1611,'M',6,151),
(1612,'M',6,152),
(1613,'AM',6,153),
(1614,'AM',6,154),
(1615,'N',6,155),
(1616,'',6,156),
(1617,'',6,157),
(1618,'',6,158),
(1619,'',6,159),
(1620,'M',6,160),
(1621,'M',6,161),
(1622,'AM',6,162),
(1623,'N',6,163),
(1624,'N',6,164),
(1625,'',6,165),
(1626,'',6,166),
(1627,'',6,167),
(1628,'',6,168),
(1629,'M',6,169),
(1630,'AM',6,170),
(1631,'AM',6,171),
(1632,'N',6,172),
(1633,'N',6,173),
(1634,'',6,174),
(1635,'',6,175),
(1636,'',6,176),
(1637,'M',6,177),
(1638,'M',6,178),
(1639,'AM',6,179),
(1640,'AM',6,180),
(1641,'N',6,181),
(1642,'N',6,182),
(1643,'',6,183),
(1644,'',6,184),
(1645,'',6,185),
(1646,'M',6,186),
(1647,'M',6,187),
(1648,'AM',6,188),
(1649,'AM',6,189),
(1650,'N',6,190),
(1651,'',6,191),
(1652,'',6,192),
(1653,'',6,193),
(1654,'',6,194),
(1655,'M',6,195),
(1656,'M',6,196),
(1657,'AM',6,197),
(1658,'N',6,198),
(1659,'N',6,199),
(1660,'',6,200),
(1661,'',6,201),
(1662,'',6,202),
(1663,'',6,203),
(1664,'M',6,204),
(1665,'AM',6,205),
(1666,'AM',6,206),
(1667,'N',6,207),
(1668,'N',6,208),
(1669,'',6,209),
(1670,'',6,210),
(1671,'',6,211),
(1672,'M',6,212),
(1673,'M',6,213),
(1674,'AM',6,214),
(1675,'AM',6,215),
(1676,'N',6,216),
(1677,'N',6,217),
(1678,'',6,218),
(1679,'',6,219),
(1680,'',6,220),
(1681,'M',6,221),
(1682,'M',6,222),
(1683,'AM',6,223),
(1684,'AM',6,224),
(1685,'N',6,225),
(1686,'',6,226),
(1687,'',6,227),
(1688,'',6,228),
(1689,'',6,229),
(1690,'M',6,230),
(1691,'M',6,231),
(1692,'AM',6,232),
(1693,'N',6,233),
(1694,'N',6,234),
(1695,'',6,235),
(1696,'',6,236),
(1697,'',6,237),
(1698,'',6,238),
(1699,'M',6,239),
(1700,'AM',6,240),
(1701,'AM',6,241),
(1702,'N',6,242),
(1703,'N',6,243),
(1704,'',6,244),
(1705,'',6,245),
(1706,'',6,246),
(1707,'M',6,247),
(1708,'M',6,248),
(1709,'AM',6,249),
(1710,'AM',6,250),
(1711,'N',6,251),
(1712,'N',6,252),
(1713,'',6,253),
(1714,'',6,254),
(1715,'',6,255),
(1716,'M',6,256),
(1717,'M',6,257),
(1718,'AM',6,258),
(1719,'AM',6,259),
(1720,'N',6,260),
(1721,'',6,261),
(1722,'',6,262),
(1723,'',6,263),
(1724,'',6,264),
(1725,'M',6,265),
(1726,'M',6,266),
(1727,'AM',6,267),
(1728,'N',6,268),
(1729,'N',6,269),
(1730,'',6,270),
(1731,'',6,271),
(1732,'',6,272),
(1733,'',6,273),
(1734,'M',6,274),
(1735,'AM',6,275),
(1736,'AM',6,276),
(1737,'N',6,277),
(1738,'N',6,278),
(1739,'',6,279),
(1740,'',6,280),
(1741,'',6,281),
(1742,'M',6,282),
(1743,'M',6,283),
(1744,'AM',6,284),
(1745,'AM',6,285),
(1746,'N',6,286),
(1747,'N',6,287),
(1748,'',6,288),
(1749,'',6,289),
(1750,'',6,290),
(1751,'M',6,291),
(1752,'M',6,292),
(1753,'AM',6,293),
(1754,'AM',6,294),
(1755,'N',6,295),
(1756,'',6,296),
(1757,'',6,297),
(1758,'',6,298),
(1759,'',6,299),
(1760,'M',6,300),
(1761,'M',6,301),
(1762,'AM',6,302),
(1763,'N',6,303),
(1764,'N',6,304),
(1765,'',6,305),
(1766,'',6,306),
(1767,'',6,307),
(1768,'',6,308),
(1769,'M',6,309),
(1770,'AM',6,310),
(1771,'AM',6,311),
(1772,'N',6,312),
(1773,'N',6,313),
(1774,'',6,314),
(1775,'',6,315),
(1776,'',6,316),
(1777,'M',6,317),
(1778,'M',6,318),
(1779,'AM',6,319),
(1780,'AM',6,320),
(1781,'N',6,321),
(1782,'N',6,322),
(1783,'',6,323),
(1784,'',6,324),
(1785,'',6,325),
(1786,'M',6,326),
(1787,'M',6,327),
(1788,'AM',6,328),
(1789,'AM',6,329),
(1790,'N',6,330),
(1791,'',6,331),
(1792,'',6,332),
(1793,'',6,333),
(1794,'',6,334),
(1795,'M',6,335),
(1796,'M',6,336),
(1797,'AM',6,337),
(1798,'N',6,338),
(1799,'N',6,339),
(1800,'',6,340),
(1801,'',6,341),
(1802,'',6,342),
(1803,'',6,343),
(1804,'M',6,344),
(1805,'AM',6,345),
(1806,'AM',6,346),
(1807,'N',6,347),
(1808,'N',6,348),
(1809,'',6,349),
(1810,'',6,350),
(1811,'',6,351),
(1812,'M',6,352),
(1813,'M',6,353),
(1814,'AM',6,354),
(1815,'AM',6,355),
(1816,'N',6,356),
(1817,'N',6,357),
(1818,'',6,358),
(1819,'',6,359),
(1820,'',6,360),
(1821,'M',6,361),
(1822,'M',6,362),
(1823,'AM',6,363),
(1824,'AM',6,364),
(1825,'N',6,365);

  COMMIT;